[ 0.  0.  0.],[-7.27802182  1.4379371   0.        ],[-14.43031739  27.37005281   0.        ],[-4.61285109 -4.23906705  0.        ],[ 1734.58903101],[ 1734.58903101],15.3058263367
[ 0.  0.  0.],[-4.88139711 -2.52460214  0.        ],[-25.57288587  -0.89235155   0.        ],[ 0.26285062 -2.64466099  0.        ],[ 1690.17506249],[ 1690.17506249],11.6984271558
[ 0.  0.  0.],[-6.17168301 -5.55379811  0.        ],[-67.30635506 -65.1444827    0.        ],[ 7.49903818  7.68987884  0.        ],[ 1744.5900888],[ 1744.5900888],50.2185487122
[ 0.  0.  0.],[-6.40390973 -1.17414154  0.        ],[-24.63911316 -54.54858995   0.        ],[ -1.52105848  10.03218659   0.        ],[ 1818.16680429],[ 1818.16680429],33.0722590461
[ 0.  0.  0.],[ 8.09859684 -3.68613213  0.        ],[ 57.63506666 -58.52456109   0.        ],[-3.54635383  8.29462568  0.        ],[ 1786.86180735],[ 1786.86180735],43.6202472662
[ 0.  0.  0.],[-5.6586537   5.93249717  0.        ],[-17.5254219   51.71512939   0.        ],[-2.28519968 -4.68010884  0.        ],[ 1690.02631538],[ 1690.02631538],29.1328580495
[ 0.  0.  0.],[-7.0626293  -1.43362707  0.        ],[-46.0198489  -47.46003474   0.        ],[ 2.21838527  8.34831798  0.        ],[ 1802.97557632],[ 1802.97557632],36.3007833754
[ 0.  0.  0.],[ 7.51564302 -4.13297684  0.        ],[ 89.24198923  30.31539179   0.        ],[-10.5462947  -10.40676999   0.        ],[ 1908.78267441],[ 1908.78267441],51.0532364469
[ 0.  0.  0.],[-1.58418438  8.6512608   0.        ],[ -7.75200972  54.37893815   0.        ],[-0.03833781 -2.52449224  0.        ],[ 1713.82625303],[ 1713.82625303],29.8952899674
[ 0.  0.  0.],[-5.31605699 -0.57078128  0.        ],[-39.97429648  -6.64880461   0.        ],[ 2.96744073  0.84075898  0.        ],[ 1689.75549724],[ 1689.75549724],20.239369018
[ 0.  0.  0.],[-7.08093182  0.12597898  0.        ],[-28.22473994   9.83156531   0.        ],[-1.62053518 -2.07685215  0.        ],[ 1711.10143491],[ 1711.10143491],13.8858158043
[ 0.  0.  0.],[-5.35694286  8.30923447  0.        ],[-20.77099052  96.75483189   0.        ],[ -1.23523075 -11.33996782   0.        ],[ 1874.26462477],[ 1874.26462477],52.45784815
[ 0.  0.  0.],[ 0.81451561  7.68731427  0.        ],[ 16.37803452  49.49532474   0.        ],[-2.68422516 -2.41227817  0.        ],[ 1716.77066671],[ 1716.77066671],28.1235082375
[ 0.  0.  0.],[ 4.741944   -7.65774268  0.        ],[ 35.28474606 -26.67408519   0.        ],[-2.52677467 -2.53541963  0.        ],[ 1788.04172011],[ 1788.04172011],24.8406122051
[ 0.  0.  0.],[-4.64371291 -2.14733976  0.        ],[-40.74337371  10.35124351   0.        ],[ 3.69670396 -4.44831547  0.        ],[ 1710.59987642],[ 1710.59987642],22.3716682367
[ 0.  0.  0.],[ 3.49559908 -9.08169075  0.        ],[ -6.42896521 -47.22626131   0.        ],[ 5.08052863  0.38630688  0.        ],[ 1791.57894011],[ 1791.57894011],23.8566657267
[ 0.  0.  0.],[-4.98245089 -7.25457844  0.        ],[-27.35553707 -44.70831005   0.        ],[ 0.57211968  1.9752396   0.        ],[ 1768.14935598],[ 1768.14935598],29.0396334113
[ 0.  0.  0.],[-5.97287436 -3.41787806  0.        ],[-31.00213702 -26.12957637   0.        ],[ 0.26501444  2.1056891   0.        ],[ 1699.89660147],[ 1699.89660147],23.0621929287
[ 0.  0.  0.],[ 3.93870351  7.63587134  0.        ],[  0.58863546 -25.96733124   0.        ],[  3.90660852  13.11685653   0.        ],[ 1896.49550691],[ 1896.49550691],14.6152566126
[ 0.  0.  0.],[ 1.91006066  6.96169969  0.        ],[ 37.10197898  28.11481733   0.        ],[-5.80185504  1.409561    0.        ],[ 1723.21993442],[ 1723.21993442],24.288624875
[ 0.  0.  0.],[ 7.09131606  1.16630935  0.        ],[ 39.9461728    5.24834085   0.        ],[-1.19541892  0.155287    0.        ],[ 1681.39777843],[ 1681.39777843],22.1270822788
[ 0.  0.  0.],[-3.77196663 -4.28009779  0.        ],[-23.04933473 -53.18788536   0.        ],[ 0.87710058  6.65490716  0.        ],[ 1707.86754318],[ 1707.86754318],31.9323606169
[ 0.  0.  0.],[ 2.23625414  6.58074406  0.        ],[ 15.17135042  37.49309692   0.        ],[-0.99485038 -1.14427366  0.        ],[ 1682.04898014],[ 1682.04898014],22.2147194082
[ 0.  0.  0.],[ 6.2288464  -7.69755187  0.        ],[ 24.60759166 -46.29005875   0.        ],[ 1.49998673  1.79042213  0.        ],[ 1781.7353911],[ 1781.7353911],26.9510875907
[ 0.  0.  0.],[-8.78153823  3.57269161  0.        ],[-30.19981206  53.70898429   0.        ],[-2.84873232 -7.44931497  0.        ],[ 1865.93591864],[ 1865.93591864],32.030200011
[ 0.  0.  0.],[-0.29963528  6.77097837  0.        ],[ 16.64497027   8.85268034   0.        ],[-3.8048249   5.24324906  0.        ],[ 1720.51647293],[ 1720.51647293],8.9529115342
[ 0.  0.  0.],[-7.25402107  6.12614337  0.        ],[-19.79650862  24.38897384   0.        ],[-3.57525734  1.3546427   0.        ],[ 1721.99485998],[ 1721.99485998],14.4361413008
[ 0.  0.  0.],[-4.22875232  5.39489362  0.        ],[ 24.98873635  59.33304383   0.        ],[-9.4721044  -6.64398898  0.        ],[ 1885.6058498],[ 1885.6058498],34.9146884831
[ 0.  0.  0.],[-5.92995772 -8.03344781  0.        ],[-69.60368773 -36.78055919   0.        ],[ 8.28970785 -0.70267451  0.        ],[ 1833.96318726],[ 1833.96318726],41.500983211
[ 0.  0.  0.],[ 5.04506895  5.97453272  0.        ],[-12.44342832  60.89506066   0.        ],[ 7.7653305  -6.39519545  0.        ],[ 1738.74913918],[ 1738.74913918],34.9054421372
[ 0.  0.  0.],[ 8.81922513  2.08938658  0.        ],[ 36.43450318   0.74616815   0.        ],[ 1.71826448  2.1755809   0.        ],[ 1729.12871737],[ 1729.12871737],17.95293316
[ 0.  0.  0.],[ 1.49206347  8.18815975  0.        ],[  9.4490164   24.26095263   0.        ],[-0.43325656  3.6338594   0.        ],[ 1737.16333777],[ 1737.16333777],15.4599301627
[ 0.  0.  0.],[ 2.52644073 -6.08956293  0.        ],[ 44.95656519 -31.68166514   0.        ],[-6.76465399  0.25821304  0.        ],[ 1734.21263761],[ 1734.21263761],30.5805398078
[ 0.  0.  0.],[-2.16389451  9.67715544  0.        ],[ 47.6404035   70.21195048   0.        ],[-11.97302585  -4.47016577   0.        ],[ 1976.67577442],[ 1976.67577442],44.8998011189
[ 0.  0.  0.],[-6.95705833  5.34311403  0.        ],[-41.5966618   27.35897731   0.        ],[ 1.6609445  -0.15689407  0.        ],[ 1707.73430239],[ 1707.73430239],27.8157966558
[ 0.  0.  0.],[-3.42180027 -7.772151    0.        ],[-16.31572268 -57.34255841   0.        ],[-0.17152053  3.99608471  0.        ],[ 1807.10969618],[ 1807.10969618],32.8220629125
[ 0.  0.  0.],[-8.60803884 -3.01506455  0.        ],[-94.93367342   8.89774184   0.        ],[ 10.65103926  -4.92042653   0.        ],[ 1858.23933753],[ 1858.23933753],50.5455755806
[ 0.  0.  0.],[-5.3219312   4.23555412  0.        ],[-94.12737913  48.56005054   0.        ],[ 13.78155174  -5.5892037    0.        ],[ 1833.9669057],[ 1833.9669057],56.6523689878
[ 0.  0.  0.],[-5.61879651 -2.69990101  0.        ],[-50.42712885 -18.64488887   0.        ],[ 4.75897075  1.09642998  0.        ],[ 1707.58291847],[ 1707.58291847],29.2940377621
[ 0.  0.  0.],[-2.55037166  5.16345108  0.        ],[ 35.23862041   3.49710603   0.        ],[-9.87011425  4.59054443  0.        ],[ 1870.59807626],[ 1870.59807626],19.8104408511
[ 0.  0.  0.],[-5.11943475  2.75241136  0.        ],[-17.45479568  13.6310279    0.        ],[-1.92843678  0.03103281  0.        ],[ 1679.9888425],[ 1679.9888425],9.58560108715
[ 0.  0.  0.],[-6.95349151 -2.80275981  0.        ],[-36.9274295  -23.21631544   0.        ],[ 0.50054601  2.13256607  0.        ],[ 1724.10292064],[ 1724.10292064],24.6577412988
[ 0.  0.  0.],[-6.7696027  -4.63521373  0.        ],[-32.79176119 -31.50574446   0.        ],[-0.24899004  1.9635519   0.        ],[ 1724.10292064],[ 1724.10292064],25.5832776175
[ 0.  0.  0.],[ 8.440909   -0.63012927  0.        ],[ 61.07189901 -45.14887953   0.        ],[-3.89640759  8.6733007   0.        ],[ 1777.38189006],[ 1777.38189006],40.1747341938
[ 0.  0.  0.],[ 0.77151598  5.14938503  0.        ],[ 25.87777975  55.64625488   0.        ],[-4.58194268 -6.22142469  0.        ],[ 1696.44214774],[ 1696.44214774],33.1871747092
[ 0.  0.  0.],[ 3.25009019  4.71389172  0.        ],[ 11.75130509  49.12572773   0.        ],[ 0.95184386 -5.4067102   0.        ],[ 1694.76272631],[ 1694.76272631],28.1280877529
[ 0.  0.  0.],[-7.58262559  5.11072797  0.        ],[-59.83752387  41.59724432   0.        ],[ 4.62698111 -3.3858837   0.        ],[ 1725.4266213],[ 1725.4266213],39.3540328923
[ 0.  0.  0.],[ 1.49193159 -8.35568123  0.        ],[-27.73292791  -8.74332247   0.        ],[ 7.25724794 -6.81233808  0.        ],[ 1851.60026459],[ 1851.60026459],13.620723631
[ 0.  0.  0.],[ 5.21695956 -6.26067116  0.        ],[-17.25395232 -19.08077904   0.        ],[ 8.95648697 -2.52594617  0.        ],[ 1793.86113697],[ 1793.86113697],13.0018252229
[ 0.  0.  0.],[ 3.84118215 -4.84200902  0.        ],[ 40.93778845 -52.53243033   0.        ],[-4.52900052  5.9024857   0.        ],[ 1691.08009786],[ 1691.08009786],36.1174814839
[ 0.  0.  0.],[-7.93583464 -1.68221202  0.        ],[-24.93731911 -41.85872402   0.        ],[-3.06936348  6.96405196  0.        ],[ 1782.32033534],[ 1782.32033534],27.2571660978
[ 0.  0.  0.],[ 3.23830388  4.54518456  0.        ],[-20.31799138  49.94729034   0.        ],[ 7.54240954 -5.62359499  0.        ],[ 1719.22234236],[ 1719.22234236],30.8916124073
[ 0.  0.  0.],[-3.0660908   5.50833009  0.        ],[-47.15739306  41.89280392   0.        ],[ 6.63887083 -2.99354752  0.        ],[ 1722.71353372],[ 1722.71353372],34.6069325743
[ 0.  0.  0.],[ 3.51662016  4.10295582  0.        ],[ 32.0570196   59.94196463   0.        ],[-2.99816897 -8.16706007  0.        ],[ 1827.12868556],[ 1827.12868556],37.0774849864
[ 0.  0.  0.],[ 2.06368342 -5.61525863  0.        ],[  5.2521076  -22.09444426   0.        ],[ 1.20715038 -1.42529609  0.        ],[ 1698.31414366],[ 1698.31414366],9.8623428249
[ 0.  0.  0.],[ 1.75312284 -7.32485061  0.        ],[-44.77724489  -9.14225427   0.        ],[ 10.97546822  -5.63338995   0.        ],[ 1865.44631385],[ 1865.44631385],22.3043189799
[ 0.  0.  0.],[ 5.03539118 -7.78542978  0.        ],[ 50.25471711 -26.45764482   0.        ],[-5.284177   -2.62747005  0.        ],[ 1835.62222996],[ 1835.62222996],31.5489157385
[ 0.  0.  0.],[-5.49908959 -3.56341965  0.        ],[-40.41842638 -30.41934997   0.        ],[ 2.79937622  2.72990039  0.        ],[ 1712.58550573],[ 1712.58550573],27.961482208
[ 0.  0.  0.],[ 2.35807111 -6.5790873   0.        ],[ -0.56276932 -81.26018222   0.        ],[ 2.54486635  9.96361772  0.        ],[ 1821.76464542],[ 1821.76464542],43.3906408966
[ 0.  0.  0.],[ 0.63600203 -9.22720464  0.        ],[-10.52855693 -90.60561164   0.        ],[ 2.83009003  9.18060493  0.        ],[ 1872.04224865],[ 1872.04224865],48.651090758
[ 0.  0.  0.],[-5.50618877 -2.16757628  0.        ],[-30.12694822 -39.22671626   0.        ],[ 0.54652026  5.97652047  0.        ],[ 1732.77680337],[ 1732.77680337],27.6696480405
[ 0.  0.  0.],[ 6.18557442  0.53798904  0.        ],[ 78.29871617  41.95690404   0.        ],[-9.70513496 -8.04484578  0.        ],[ 1872.41945235],[ 1872.41945235],47.9419615857
[ 0.  0.  0.],[ 1.19885887 -6.78741245  0.        ],[-54.0526847   -9.16248205   0.        ],[ 12.28671892  -5.06933585   0.        ],[ 1837.18393388],[ 1837.18393388],28.0724033802
[ 0.  0.  0.],[ 6.830172  -4.6639058  0.       ],[ 31.40114844 -67.21289967   0.        ],[ 0.56869912  9.0780872   0.        ],[ 1817.44619737],[ 1817.44619737],39.2762288951
[ 0.  0.  0.],[ 8.07544698  1.20720571  0.        ],[ 31.17820699  27.41583526   0.        ],[ 1.95837603 -4.55153538  0.        ],[ 1697.72345677],[ 1697.72345677],23.5332290112
[ 0.  0.  0.],[-0.43602943  6.52778852  0.        ],[ 18.59966496  18.3081238    0.        ],[-4.40292673  3.03648295  0.        ],[ 1708.5487957],[ 1708.5487957],12.9614137912
[ 0.  0.  0.],[-2.25403815 -7.4962044   0.        ],[-56.72727264 -35.63778028   0.        ],[ 9.39117005 -0.38080307  0.        ],[ 1856.62593525],[ 1856.62593525],35.3551549756
[ 0.  0.  0.],[ 6.15189416  7.48775366  0.        ],[ 10.39415295 -24.37694855   0.        ],[  4.16693601  12.64807839   0.        ],[ 1886.07995449],[ 1886.07995449],14.1602791689
[ 0.  0.  0.],[-3.07064738  9.21243807  0.        ],[ 49.8269251   48.38698193   0.        ],[-13.33584176  -0.47565167   0.        ],[ 1960.89550582],[ 1960.89550582],36.6666458257
[ 0.  0.  0.],[-7.68463925 -6.13107623  0.        ],[-56.71501298 -57.1694934    0.        ],[ 3.8287225   5.54975919  0.        ],[ 1760.66985732],[ 1760.66985732],43.5592172971
[ 0.  0.  0.],[-3.54677742 -5.10348003  0.        ],[-61.07007843 -44.55842692   0.        ],[ 8.94189558  3.9288841   0.        ],[ 1782.47540842],[ 1782.47540842],40.4927771401
[ 0.  0.  0.],[-5.84084982 -0.81126927  0.        ],[-61.1453595   14.35356248   0.        ],[ 6.64813992 -3.8317907   0.        ],[ 1725.21566376],[ 1725.21566376],33.7341042764
[ 0.  0.  0.],[ 5.37814662 -4.66214239  0.        ],[ 16.69720462 -50.00611416   0.        ],[ 2.14572293  5.61934337  0.        ],[ 1723.55306116],[ 1723.55306116],27.7892159204
[ 0.  0.  0.],[ 9.40037162 -2.42303577  0.        ],[ 14.64467252 -63.64394737   0.        ],[  6.63097431  10.55981646   0.        ],[ 1851.2267645],[ 1851.2267645],34.1184756474
[ 0.  0.  0.],[-0.81360681  9.44287717  0.        ],[  2.21801519  69.5082088    0.        ],[-1.33862447 -4.7475061   0.        ],[ 1762.6775392],[ 1762.6775392],37.3932769979
[ 0.  0.  0.],[-6.79365536 -1.79152544  0.        ],[-26.66260018  13.31212458   0.        ],[-1.55464813 -4.73900361  0.        ],[ 1728.39458024],[ 1728.39458024],14.5206849711
[ 0.  0.  0.],[ 3.09966203 -4.41153923  0.        ],[ 21.3846069  -25.10082663   0.        ],[-1.44375246  0.74639918  0.        ],[ 1662.04945911],[ 1662.04945911],19.0602111427
[ 0.  0.  0.],[ 5.91947792  5.13891548  0.        ],[ -5.30758253  62.63802363   0.        ],[ 7.18702497 -7.60675211  0.        ],[ 1827.91807434],[ 1827.91807434],35.3550306042
[ 0.  0.  0.],[-4.37977599  5.22956854  0.        ],[-63.74055359  71.65298473   0.        ],[ 8.57139107 -9.32186345  0.        ],[ 1833.95543789],[ 1833.95543789],51.3617283483
[ 0.  0.  0.],[-1.20687973  7.12870435  0.        ],[-41.47183657  29.36669037   0.        ],[ 7.38288954  1.30768914  0.        ],[ 1741.0660406],[ 1741.0660406],28.3939003949
[ 0.  0.  0.],[ 2.00736468  6.7693643   0.        ],[ 24.4164285   26.56841921   0.        ],[-3.14358625  1.59116229  0.        ],[ 1693.02360121],[ 1693.02360121],18.5329162631
[ 0.  0.  0.],[-3.72164184  4.91796171  0.        ],[-56.64575462  15.66832086   0.        ],[ 7.89958299  1.85280179  0.        ],[ 1725.30311638],[ 1725.30311638],32.4901417485
[ 0.  0.  0.],[-3.13293696  4.75747123  0.        ],[-44.03660444  14.02423772   0.        ],[ 5.95805833  2.05023945  0.        ],[ 1709.93966411],[ 1709.93966411],26.0037959098
[ 0.  0.  0.],[-1.06479933 -9.14177588  0.        ],[  2.43238693 -70.7949399    0.        ],[-1.63989478  5.3038248   0.        ],[ 1807.08182511],[ 1807.08182511],38.6055471792
[ 0.  0.  0.],[ 8.60867359 -3.77582765  0.        ],[ 58.63114899 -86.00449889   0.        ],[ -3.18541622  13.71729639   0.        ],[ 1889.51468011],[ 1889.51468011],55.0585503505
[ 0.  0.  0.],[-4.34472469 -7.37127966  0.        ],[-54.52899462 -70.26922403   0.        ],[ 6.77125143  6.89663418  0.        ],[ 1801.77410558],[ 1801.77410558],47.5714693463
[ 0.  0.  0.],[ 6.75047595  1.23418019  0.        ],[ 38.86972513   7.63968618   0.        ],[-1.31182653 -0.37652167  0.        ],[ 1685.29075691],[ 1685.29075691],22.2235508479
[ 0.  0.  0.],[ 6.15577076 -5.64871257  0.        ],[ 41.92691043 -35.70275605   0.        ],[-2.47894575  1.65866893  0.        ],[ 1691.01855117],[ 1691.01855117],30.2765137971
[ 0.  0.  0.],[-6.84004907  6.33544907  0.        ],[-26.7481949   62.82170016   0.        ],[-1.5602216  -6.52065517  0.        ],[ 1737.61229506],[ 1737.61229506],36.2983165659
[ 0.  0.  0.],[ 1.73068717  8.46176797  0.        ],[ 25.32662845  14.25229969   0.        ],[-3.48789951  5.86920543  0.        ],[ 1728.5810872],[ 1728.5810872],14.24052009
[ 0.  0.  0.],[ 4.98347492  1.83148716  0.        ],[ 72.78208494  33.89102282   0.        ],[-9.83946193 -5.08443874  0.        ],[ 1849.19640667],[ 1849.19640667],43.2875516796
[ 0.  0.  0.],[ 3.41202877  6.92842375  0.        ],[  0.44055783  81.89230076   0.        ],[ 3.42345987 -9.73304039  0.        ],[ 1845.36933443],[ 1845.36933443],44.6460476334
[ 0.  0.  0.],[ 7.13171357  0.203557    0.        ],[ 59.29459839 -29.53089109   0.        ],[-4.91078736  6.34700705  0.        ],[ 1722.48154979],[ 1722.48154979],35.2501387235
[ 0.  0.  0.],[ 0.58210192 -5.2008868   0.        ],[-10.59415684 -37.66090016   0.        ],[ 2.92803554  2.52731509  0.        ],[ 1720.35280507],[ 1720.35280507],20.9441939693
[ 0.  0.  0.],[-2.51824838  8.50809004  0.        ],[  5.61739993  25.81111792   0.        ],[-3.86264435  3.54883475  0.        ],[ 1751.73537225],[ 1751.73537225],14.7013965915
[ 0.  0.  0.],[-6.77000389 -2.90554661  0.        ],[-68.6810278   29.01192219   0.        ],[ 7.15360784 -8.94219357  0.        ],[ 1814.77954501],[ 1814.77954501],39.4809865851
[ 0.  0.  0.],[ 3.90212276 -4.97809484  0.        ],[ 18.15773821 -32.47036356   0.        ],[ 0.32328678  1.8113107   0.        ],[ 1658.77693743],[ 1658.77693743],19.8539644622
[ 0.  0.  0.],[-9.84911373  0.74630335  0.        ],[-77.26452276 -36.10766906   0.        ],[ 5.7763728   8.21322554  0.        ],[ 1913.71320881],[ 1913.71320881],46.266244083
[ 0.  0.  0.],[ 8.88747716 -2.91075179  0.        ],[ 4.11926563 -8.79063633  0.        ],[ 8.36060538 -1.19507541  0.        ],[ 1818.29680915],[ 1818.29680915],3.16909083257
[ 0.  0.  0.],[ 4.09028102 -3.12039636  0.        ],[ 21.0815346 -53.4326566   0.       ],[-0.13102218  7.86609336  0.        ],[ 1759.26839431],[ 1759.26839431],30.8385111678
[ 0.  0.  0.],[ 6.37086186 -2.50072868  0.        ],[ 44.06946111 -69.28845054   0.        ],[ -2.50612106  11.65025235   0.        ],[ 1836.9380749],[ 1836.9380749],43.7047526283
[ 0.  0.  0.],[ 5.14137458 -0.67405794  0.        ],[ 29.46464378  -0.44874521   0.        ],[-0.98839546 -0.76844529  0.        ],[ 1652.12515003],[ 1652.12515003],17.4067827632
[ 0.  0.  0.],[ 7.66835063  4.73438708  0.        ],[ 72.5619846   -9.94887771   0.        ],[-7.05804429  6.93441213  0.        ],[ 1775.53206793],[ 1775.53206793],38.5308271437
[ 0.  0.  0.],[ 8.49966713 -1.78316359  0.        ],[ 16.23106353 -54.14293628   0.        ],[ 5.40412238  9.3048445   0.        ],[ 1850.42944159],[ 1850.42944159],29.5039638025
[ 0.  0.  0.],[ 6.53991889 -0.96201236  0.        ],[ 48.51219878 -61.2048504    0.        ],[ -3.24351463  11.56781756   0.        ],[ 1813.39460124],[ 1813.39460124],41.5792240339
[ 0.  0.  0.],[-5.3187003   3.74831173  0.        ],[-31.3991391   21.75685082   0.        ],[ 1.21524692 -0.76250538  0.        ],[ 1674.05043265],[ 1674.05043265],21.4446204439
[ 0.  0.  0.],[ 4.04466008  3.34150171  0.        ],[ 26.49329514  18.22777352   0.        ],[-1.54555114 -0.3747447   0.        ],[ 1657.65423841],[ 1657.65423841],17.7596494655
[ 0.  0.  0.],[ 4.85301304 -4.5999505   0.        ],[ 71.61463953 -16.62237559   0.        ],[-9.76723025 -1.31551993  0.        ],[ 1857.21172442],[ 1857.21172442],40.1287060239
[ 0.  0.  0.],[ 7.35032029 -5.12295855  0.        ],[ 22.98315935 -32.83211509   0.        ],[ 3.01939597  1.58274653  0.        ],[ 1684.10618757],[ 1684.10618757],19.9079391458
[ 0.  0.  0.],[ 7.09832993 -0.56187967  0.        ],[ 5.76917661 -8.92233802  0.        ],[ 6.2383442   1.28302317  0.        ],[ 1727.74900189],[ 1727.74900189],4.19302862209
[ 0.  0.  0.],[-5.73858394 -7.1464123   0.        ],[-60.08365491 -16.15213972   0.        ],[ 6.53268961 -4.07475489  0.        ],[ 1782.69847301],[ 1782.69847301],32.4537907629
[ 0.  0.  0.],[-1.20240885 -5.71031412  0.        ],[ -7.86371693 -37.92945688   0.        ],[ 0.42844783  2.16989485  0.        ],[ 1702.00923277],[ 1702.00923277],21.6799178359
[ 0.  0.  0.],[ 6.64740129  3.01989291  0.        ],[ 47.23860891  20.97807266   0.        ],[-3.07692969 -1.29185669  0.        ],[ 1697.39942914],[ 1697.39942914],28.3615409074
[ 0.  0.  0.],[-6.5728096  -3.20646613  0.        ],[-7.01553041  8.64083204  0.        ],[-5.38671196 -5.14177341  0.        ],[ 1717.91170564],[ 1717.91170564],4.78335547428
[ 0.  0.  0.],[-6.31584352  1.01270964  0.        ],[-11.10222558  51.22517185   0.        ],[-4.21704503 -9.50655474  0.        ],[ 1835.50814788],[ 1835.50814788],28.7204094457
[ 0.  0.  0.],[ 4.55147707  2.08675069  0.        ],[ 36.76663983 -47.3237186    0.        ],[ -2.87256639  11.84304084   0.        ],[ 1800.41899399],[ 1800.41899399],32.3583595951
[ 0.  0.  0.],[-8.72800362  4.80432267  0.        ],[-48.71212799  65.02420063   0.        ],[ 1.05125192 -8.49824813  0.        ],[ 1879.81895237],[ 1879.81895237],42.9048729489
[ 0.  0.  0.],[-5.83482301 -6.76518826  0.        ],[  3.12616855  18.3757497    0.        ],[ -6.61790993 -10.69545065   0.        ],[ 1861.352356],[ 1861.352356],13.2241655285
[ 0.  0.  0.],[ 1.9197813  -7.78352171  0.        ],[ 77.12856395 -58.0231438    0.        ],[-13.79460073   3.90277754   0.        ],[ 1968.46660141],[ 1968.46660141],52.1265529974
[ 0.  0.  0.],[-0.86263189 -7.65015402  0.        ],[ -6.79038502 -28.58886283   0.        ],[ 0.56995246 -2.22298196  0.        ],[ 1769.76133556],[ 1769.76133556],13.3300745267
[ 0.  0.  0.],[-6.8857591   3.13547908  0.        ],[-56.13116517  20.24371979   0.        ],[ 4.63404595 -0.9750344   0.        ],[ 1722.99245978],[ 1722.99245978],32.6883934325
[ 0.  0.  0.],[-7.7149333   6.26799137  0.        ],[ 11.14560421  31.47824505   0.        ],[-10.24405298  -0.02849203   0.        ],[ 1912.68348768],[ 1912.68348768],16.6820912728
[ 0.  0.  0.],[ 8.01877022  4.6787861   0.        ],[ 51.18088134  27.95411588   0.        ],[-2.49485406 -1.02615369  0.        ],[ 1680.87832121],[ 1680.87832121],31.6866424818
[ 0.  0.  0.],[ 5.02907795  4.83256013  0.        ],[ 86.89119242  53.95574401   0.        ],[-12.61935236  -6.08895883   0.        ],[ 1922.30162184],[ 1922.30162184],54.5133889253
[ 0.  0.  0.],[-6.63105232  3.22055591  0.        ],[-43.6407806    5.24705093   0.        ],[ 2.30552459  2.38692518  0.        ],[ 1704.35400532],[ 1704.35400532],24.8020204221
[ 0.  0.  0.],[-3.4336629   6.37438295  0.        ],[ 25.10671804  20.63273559   0.        ],[-8.74493524  2.32491587  0.        ],[ 1852.8985802],[ 1852.8985802],17.0245294198
[ 0.  0.  0.],[ 0.48544012  6.09501444  0.        ],[  4.62342389  26.67750333   0.        ],[-0.58943417  1.01921189  0.        ],[ 1662.76828595],[ 1662.76828595],15.7868452991
[ 0.  0.  0.],[-7.84934884 -5.47773755  0.        ],[-29.60638206  30.88031228   0.        ],[ -1.97704052 -11.94977657   0.        ],[ 1829.88986358],[ 1829.88986358],22.1844817959
[ 0.  0.  0.],[ 8.5881684   2.60762859  0.        ],[ 38.56289154  28.30903462   0.        ],[ 0.95826547 -3.34256139  0.        ],[ 1745.74165847],[ 1745.74165847],26.8864012829
[ 0.  0.  0.],[-2.69964045 -9.1716162   0.        ],[-54.6417245  -28.10227724   0.        ],[ 8.50414926 -3.67003109  0.        ],[ 1842.51532897],[ 1842.51532897],31.9271573909
[ 0.  0.  0.],[ 7.04022213  1.47410498  0.        ],[ 18.65348447 -30.7550587    0.        ],[ 3.42896873  7.90031347  0.        ],[ 1733.13476575],[ 1733.13476575],18.7126312591
[ 0.  0.  0.],[-6.89295379 -5.40072725  0.        ],[-83.24443699 -74.45038685   0.        ],[ 9.97098345  9.69852366  0.        ],[ 1835.45141134],[ 1835.45141134],59.5882532937
[ 0.  0.  0.],[ 9.14725812  2.86243403  0.        ],[ 53.46006628  26.86117975   0.        ],[-1.70200369 -2.76528753  0.        ],[ 1734.02927919],[ 1734.02927919],33.1081984152
[ 0.  0.  0.],[-0.26991526 -5.63256024  0.        ],[-64.88426133 -35.14686691   0.        ],[ 13.00514073   1.42959326   0.        ],[ 1824.0708213],[ 1824.0708213],39.286796443
[ 0.  0.  0.],[ 4.2695739  5.6374684  0.       ],[ 19.01317887  51.86530418   0.        ],[ 0.49637592 -5.03414464  0.        ],[ 1688.36130218],[ 1688.36130218],30.7327812727
[ 0.  0.  0.],[ 6.28488655  3.10868598  0.        ],[ 46.23015081 -11.76161423   0.        ],[-3.10414418  5.72473376  0.        ],[ 1731.21377981],[ 1731.21377981],24.9571685724
[ 0.  0.  0.],[-6.09220064 -5.39021682  0.        ],[-83.83872192  10.92669087   0.        ],[ 10.92020278  -7.74916938   0.        ],[ 1834.55508798],[ 1834.55508798],44.6831491277
[ 0.  0.  0.],[ 2.25791228 -7.80182006  0.        ],[ 47.84144657 -70.25595357   0.        ],[-7.5384107  6.4443082  0.       ],[ 1790.28382949],[ 1790.28382949],45.981739217
[ 0.  0.  0.],[-8.63765369  3.70704709  0.        ],[-91.54911553  47.21719609   0.        ],[ 9.93020145 -5.88942635  0.        ],[ 1858.23933753],[ 1858.23933753],54.9535780597
[ 0.  0.  0.],[-0.47521798  8.50864283  0.        ],[-11.85715316  54.09636893   0.        ],[ 2.08652625 -2.54253769  0.        ],[ 1715.82757323],[ 1715.82757323],30.9057604901
[ 0.  0.  0.],[ 2.96050992 -4.47339757  0.        ],[  1.94747764 -39.10937793   0.        ],[ 2.75371602  3.58642783  0.        ],[ 1720.35280507],[ 1720.35280507],20.7336745102
[ 0.  0.  0.],[-5.57240971  6.04062123  0.        ],[-77.63894659  80.91793187   0.        ],[ 10.16552258 -10.35706776   0.        ],[ 1850.90673325],[ 1850.90673325],59.7889665427
[ 0.  0.  0.],[ 4.89560676  2.70758989  0.        ],[ 18.35217566  48.31152301   0.        ],[ 1.27721944 -7.25016526  0.        ],[ 1812.67092379],[ 1812.67092379],29.2705098985
[ 0.  0.  0.],[ 2.29581575 -8.39519823  0.        ],[-52.03950979 -32.3196322    0.        ],[ 13.00030997  -1.97636098   0.        ],[ 1907.66645991],[ 1907.66645991],32.1889969406
[ 0.  0.  0.],[-2.61914757 -6.87381897  0.        ],[  1.33465978 -48.22044891   0.        ],[-3.10250941  2.97801609  0.        ],[ 1722.49093757],[ 1722.49093757],27.0531113403
[ 0.  0.  0.],[-3.84759629  4.5322781   0.        ],[-65.67052102  15.84047464   0.        ],[ 9.58332246  1.40778508  0.        ],[ 1796.27918896],[ 1796.27918896],36.9918636434
[ 0.  0.  0.],[-8.94159026 -3.24434293  0.        ],[-74.72426937  32.97616327   0.        ],[  6.15951267 -10.09567367   0.        ],[ 1872.72301609],[ 1872.72301609],42.9637082226
[ 0.  0.  0.],[-0.19606817 -7.43891132  0.        ],[ -5.70310406 -43.57952561   0.        ],[ 1.12295394  1.51818455  0.        ],[ 1766.7443814],[ 1766.7443814],23.5867127826
[ 0.  0.  0.],[ 5.42991221 -0.21242409  0.        ],[ 30.30364697 -45.58908448   0.        ],[-0.6520147   9.20464298  0.        ],[ 1721.33879098],[ 1721.33879098],29.3086630111
[ 0.  0.  0.],[-1.18088233 -7.85550961  0.        ],[-22.00889184 -10.59393504   0.        ],[ 3.36776617 -5.99831229  0.        ],[ 1798.08079289],[ 1798.08079289],11.1005348086
[ 0.  0.  0.],[-8.89156524 -2.78911556  0.        ],[-22.14595308  16.13876739   0.        ],[-4.64108339 -6.25783206  0.        ],[ 1893.34710106],[ 1893.34710106],13.0171198778
[ 0.  0.  0.],[ 6.6743949   0.79071563  0.        ],[ 95.80678735 -32.8906614    0.        ],[-12.7453294   7.5213162   0.       ],[ 1878.76714104],[ 1878.76714104],53.8842923089
[ 0.  0.  0.],[-5.56279388  3.56780619  0.        ],[-22.7250492   75.01459543   0.        ],[ -1.04438045 -11.73393163   0.        ],[ 1860.2241273],[ 1860.2241273],42.0579059416
[ 0.  0.  0.],[ 4.62478547 -6.47375252  0.        ],[  8.27761808 -72.38275557   0.        ],[ 3.07361878  8.28406294  0.        ],[ 1795.91784838],[ 1795.91784838],38.6408291178
[ 0.  0.  0.],[ 6.52399503 -0.69841269  0.        ],[ 66.1126272  -39.44124865   0.        ],[-6.90303027  7.40933603  0.        ],[ 1758.58040945],[ 1758.58040945],41.1245798263
[ 0.  0.  0.],[ 0.29356481  5.04968073  0.        ],[-16.68135492  30.42622388   0.        ],[ 3.91832512 -1.11786782  0.        ],[ 1691.35809101],[ 1691.35809101],20.0198989009
[ 0.  0.  0.],[ 5.86121388 -2.40918553  0.        ],[ 59.7719356    5.29166045   0.        ],[-6.35390929 -3.61589792  0.        ],[ 1684.92297132],[ 1684.92297132],33.1300354677
[ 0.  0.  0.],[-5.32069512  7.32431543  0.        ],[  2.33380369  69.08529882   0.        ],[-5.98707557 -6.71669069  0.        ],[ 1757.87849376],[ 1757.87849376],36.4959378227
[ 0.  0.  0.],[-5.37641663  2.76199879  0.        ],[-88.84067102  -0.23199044   0.        ],[ 12.6842977    2.87470577   0.        ],[ 1839.52376645],[ 1839.52376645],46.2296013725
[ 0.  0.  0.],[-7.45623148 -3.15909017  0.        ],[-42.49063173 -18.73704321   0.        ],[ 1.30312584  0.73582569  0.        ],[ 1720.5780227],[ 1720.5780227],25.7778984372
[ 0.  0.  0.],[ 4.85749364 -5.65601555  0.        ],[ 20.48168463 -62.85349204   0.        ],[ 0.79398194  7.21288162  0.        ],[ 1728.18294021],[ 1728.18294021],35.219484057
[ 0.  0.  0.],[ 8.87365648  3.79633705  0.        ],[ 35.15732164  12.51041235   0.        ],[ 2.08766589  1.46671515  0.        ],[ 1729.12871737],[ 1729.12871737],18.595034766
[ 0.  0.  0.],[ 8.18764978  5.68954937  0.        ],[ 67.40435953 -36.49863867   0.        ],[ -5.40643494  13.26709514   0.        ],[ 1855.85742247],[ 1855.85742247],40.3532533701
[ 0.  0.  0.],[ 6.35447607 -6.52535719  0.        ],[ 71.72829933  -9.1940217    0.        ],[-8.24996399 -4.83831849  0.        ],[ 1821.60377],[ 1821.60377],39.6040140334
[ 0.  0.  0.],[-0.75166912  5.48586178  0.        ],[ -6.61909334  35.5179036    0.        ],[ 0.67218055 -1.90055069  0.        ],[ 1663.5169786],[ 1663.5169786],20.5136016933
[ 0.  0.  0.],[-7.242465   -6.22801791  0.        ],[-40.56082979 -28.93024694   0.        ],[ 1.13714784 -0.57788087  0.        ],[ 1720.5780227],[ 1720.5780227],25.4980237164
[ 0.  0.  0.],[ 0.31993959 -6.42359442  0.        ],[  17.88620579 -101.48002096    0.        ],[ -3.32587781  14.16446679   0.        ],[ 1852.94662455],[ 1852.94662455],55.1201526793
[ 0.  0.  0.],[ 7.22904581 -4.8008986   0.        ],[ 25.97777948 -42.04187449   0.        ],[ 2.18080401  3.86881623  0.        ],[ 1708.16481274],[ 1708.16481274],25.5375450127
[ 0.  0.  0.],[-3.76330995 -8.72365848  0.        ],[-76.78943864 -24.18829494   0.        ],[ 11.8790268   -3.98133447   0.        ],[ 1886.06019103],[ 1886.06019103],42.3186707269
[ 0.  0.  0.],[ 1.70620945 -8.18966674  0.        ],[-52.48969228 -54.25615668   0.        ],[ 12.49725843   2.72548815   0.        ],[ 1898.46982474],[ 1898.46982474],39.7935697105
[ 0.  0.  0.],[-3.35725857 -5.59227824  0.        ],[-61.31806267 -44.86255605   0.        ],[ 9.18683274  3.48668322  0.        ],[ 1782.47540842],[ 1782.47540842],40.6065415864
[ 0.  0.  0.],[-7.43347654 -2.30174183  0.        ],[-68.34424551  20.54125579   0.        ],[ 6.44455532 -6.62503386  0.        ],[ 1729.18935215],[ 1729.18935215],37.7990041361
[ 0.  0.  0.],[ 4.52321289  8.13187154  0.        ],[  9.35947411  46.8613086    0.        ],[ 2.9230508  -1.36751737  0.        ],[ 1720.72022822],[ 1720.72022822],28.1000700627
[ 0.  0.  0.],[ 1.86731685  5.23828942  0.        ],[ -4.31867298 -32.08264472   0.        ],[  2.79949586  11.9469063    0.        ],[ 1871.08701142],[ 1871.08701142],18.2488148204
[ 0.  0.  0.],[-9.61342497 -0.536119    0.        ],[-29.89697951  48.96248569   0.        ],[ -3.73359816 -10.61161083   0.        ],[ 1916.58782548],[ 1916.58782548],29.8104405283
[ 0.  0.  0.],[ 3.62063082 -4.80832477  0.        ],[ -0.61657854 -27.68341334   0.        ],[ 4.03842572  0.7856467   0.        ],[ 1715.35021781],[ 1715.35021781],13.5369971169
[ 0.  0.  0.],[ 0.24235406  5.14610034  0.        ],[  4.47487758  32.10380197   0.        ],[-0.7893422  -1.54169459  0.        ],[ 1659.36685884],[ 1659.36685884],18.0382266843
[ 0.  0.  0.],[ 8.09892394  0.19754307  0.        ],[ 64.59683667 -57.91367619   0.        ],[ -4.93405825  12.05793216   0.        ],[ 1855.85742247],[ 1855.85742247],45.9624169299
[ 0.  0.  0.],[ 3.95157334  6.85209662  0.        ],[ 51.08819324  76.31251028   0.        ],[-6.4453003  -8.65097729  0.        ],[ 1856.13825076],[ 1856.13825076],49.1563062685
[ 0.  0.  0.],[ 4.95875406  3.83913921  0.        ],[ 48.60300559  58.4418728    0.        ],[-4.91745071 -8.1057261   0.        ],[ 1825.5318867],[ 1825.5318867],41.2441646747
[ 0.  0.  0.],[ 5.32088745 -6.07789296  0.        ],[ 36.04320217 -82.9000837    0.        ],[ -1.94082728  10.79739166   0.        ],[ 1802.65024103],[ 1802.65024103],48.1499989424
[ 0.  0.  0.],[-0.04821212  8.66270861  0.        ],[  9.36016882 -18.57743534   0.        ],[ -1.96623519  12.6746497    0.        ],[ 1892.17799154],[ 1892.17799154],12.0194900941
[ 0.  0.  0.],[-7.49553062  4.68156107  0.        ],[-54.67872944  17.72082741   0.        ],[ 3.72505147  1.23156744  0.        ],[ 1722.99245978],[ 1722.99245978],31.8539817504
[ 0.  0.  0.],[-6.01147737 -6.45620476  0.        ],[-46.56084174 -26.68184031   0.        ],[ 3.58478565 -1.21622247  0.        ],[ 1706.7956895],[ 1706.7956895],27.9705734792
[ 0.  0.  0.],[-3.56317222 -7.43296948  0.        ],[-47.87114848 -39.0461912    0.        ],[ 6.31047146  0.39501091  0.        ],[ 1787.03582158],[ 1787.03582158],32.6109657495
[ 0.  0.  0.],[ 7.90972394 -0.45428347  0.        ],[ 29.24322359  -3.01440424   0.        ],[ 2.36030256  0.17017045  0.        ],[ 1671.68862766],[ 1671.68862766],14.392244709
[ 0.  0.  0.],[-1.32590476  5.1276601   0.        ],[-15.42447625  34.23882708   0.        ],[ 1.97348009 -1.92985329  0.        ],[ 1662.4173702],[ 1662.4173702],21.4864926626
[ 0.  0.  0.],[-3.9780982  -6.17688896  0.        ],[-35.82637352 -68.89847844   0.        ],[ 3.30316055  7.87947928  0.        ],[ 1761.44504718],[ 1761.44504718],41.966666811
[ 0.  0.  0.],[ 6.73275291 -0.0176915   0.        ],[ 37.32431982   0.69219448   0.        ],[-1.02551326 -0.2187015   0.        ],[ 1681.39777843],[ 1681.39777843],21.1536184281
[ 0.  0.  0.],[ 8.9575007   2.49964304  0.        ],[ 54.47850467 -41.09406143   0.        ],[ -1.99158297  11.01366759   0.        ],[ 1817.74731687],[ 1817.74731687],35.7843385566
[ 0.  0.  0.],[ 2.46666486  6.09587185  0.        ],[  6.67848429 -14.42870651   0.        ],[ 1.16844814  9.27926268  0.        ],[ 1817.73812641],[ 1817.73812641],8.94969238568
[ 0.  0.  0.],[-3.40225309 -9.32967928  0.        ],[-31.12045142 -44.63867886   0.        ],[ 3.11883935 -0.4442486   0.        ],[ 1780.22619397],[ 1780.22619397],27.8427604806
[ 0.  0.  0.],[ 7.89689076 -4.06136624  0.        ],[ -3.40758058 -46.53047317   0.        ],[ 8.83435997  5.40121486  0.        ],[ 1799.71150468],[ 1799.71150468],24.1294594754
[ 0.  0.  0.],[ 7.31020007  4.4307354   0.        ],[ 48.93395168  49.14626966   0.        ],[-2.60168139 -5.67119455  0.        ],[ 1722.58761705],[ 1722.58761705],37.9098409952
[ 0.  0.  0.],[-3.83766611  6.4667068   0.        ],[ 14.52718871   6.7813018    0.        ],[-6.98219678  5.29164957  0.        ],[ 1744.4806656],[ 1744.4806656],8.43764810385
[ 0.  0.  0.],[ 5.23641186 -2.51431113  0.        ],[ 45.49358895  14.5946292    0.        ],[-4.03612333 -5.67775182  0.        ],[ 1681.32758931],[ 1681.32758931],26.9031607788
[ 0.  0.  0.],[-9.78186939  1.68094502  0.        ],[-73.90905069 -14.59097257   0.        ],[ 5.22073778  4.80223722  0.        ],[ 1907.09440644],[ 1907.09440644],41.1067801308
[ 0.  0.  0.],[ 2.35086554  4.84958065  0.        ],[  1.95622786e+01   8.15700575e-03   0.00000000e+00],[-1.65357021  5.13350077  0.        ],[ 1694.90579973],[ 1694.90579973],9.45710385893
[ 0.  0.  0.],[-4.50159552 -4.33987526  0.        ],[-39.69478719  -1.18212744   0.        ],[ 3.63000603 -4.33342422  0.        ],[ 1710.87247222],[ 1710.87247222],18.2375853051
[ 0.  0.  0.],[-4.52826257 -8.63317637  0.        ],[-83.8398524  -57.10765284   0.        ],[ 12.53221363   2.85499056   0.        ],[ 1889.2859185],[ 1889.2859185],53.6490635835
[ 0.  0.  0.],[ 5.143559    6.71533755  0.        ],[ 21.88112578  -7.40404618   0.        ],[ 0.79529795  8.49484062  0.        ],[ 1734.98598657],[ 1734.98598657],11.1447199087
[ 0.  0.  0.],[-2.87392571 -9.10332064  0.        ],[ 30.44753198 -71.39357348   0.        ],[-9.22323528  5.32540176  0.        ],[ 1937.93936083],[ 1937.93936083],42.3119045941
[ 0.  0.  0.],[-0.7668537   7.74129522  0.        ],[ 30.19924022  86.5624442    0.        ],[-6.98056769 -9.81567395  0.        ],[ 1872.49475152],[ 1872.49475152],48.8451185345
[ 0.  0.  0.],[-4.64422322  5.2785669   0.        ],[-93.82900446  38.28234997   0.        ],[ 14.41741286  -2.42771816   0.        ],[ 1822.95535439],[ 1822.95535439],54.4118132278
[ 0.  0.  0.],[-6.80634751  0.6558187   0.        ],[-48.74920712 -59.51126785   0.        ],[  3.01195562  12.85015615   0.        ],[ 1882.19909851],[ 1882.19909851],41.8964196783
[ 0.  0.  0.],[-8.63057166  0.61896884  0.        ],[-37.64765615  22.07525697   0.        ],[-1.18461013 -4.08420771  0.        ],[ 1822.16531187],[ 1822.16531187],21.8667530076
[ 0.  0.  0.],[-1.08153755 -6.13471836  0.        ],[-14.48570918 -39.96932475   0.        ],[ 2.02520804  2.07377712  0.        ],[ 1702.76885233],[ 1702.76885233],22.9863254433
[ 0.  0.  0.],[-4.6631169  2.862098   0.       ],[-73.55561975   7.40331024   0.        ],[ 10.34521136   1.42229666   0.        ],[ 1786.74713216],[ 1786.74713216],40.1897968063
[ 0.  0.  0.],[-3.31499269  4.85755931  0.        ],[-33.26591912  42.91584065   0.        ],[ 3.5383878  -3.94903956  0.        ],[ 1687.50852694],[ 1687.50852694],29.8268100574
[ 0.  0.  0.],[-7.99768159  2.39773154  0.        ],[-71.23163589   3.10935482   0.        ],[ 6.53721797  1.85787264  0.        ],[ 1739.91810926],[ 1739.91810926],38.8884248925
[ 0.  0.  0.],[ 2.41372925  9.46888314  0.        ],[ 10.85144544   9.11823205   0.        ],[ 0.25298795  7.94508476  0.        ],[ 1775.58757868],[ 1775.58757868],6.10175113793
[ 0.  0.  0.],[ 4.94751025 -4.02797614  0.        ],[ 36.44818352  -1.82790932   0.        ],[-2.50375414 -3.91513227  0.        ],[ 1665.18141454],[ 1665.18141454],20.9452404188
[ 0.  0.  0.],[ 6.58791468  2.52148137  0.        ],[ 91.50104307   3.98109838   0.        ],[-12.00909121   1.76898096   0.        ],[ 1927.78385163],[ 1927.78385163],48.8447387548
[ 0.  0.  0.],[ 5.89264432 -0.90322791  0.        ],[ 90.47233378  -9.3438632    0.        ],[-12.50088756   0.98921011   0.        ],[ 1891.79993911],[ 1891.79993911],48.8038707948
[ 0.  0.  0.],[ 3.97436693  6.56869672  0.        ],[ -9.68115782  44.78619678   0.        ],[ 6.18874538 -2.50094508  0.        ],[ 1731.20141033],[ 1731.20141033],25.8783253903
[ 0.  0.  0.],[-5.0262332  -6.20717713  0.        ],[-20.77505106 -35.74009822   0.        ],[-1.07505453  1.16096225  0.        ],[ 1695.61908668],[ 1695.61908668],23.1950887717
[ 0.  0.  0.],[ 5.15575292  8.13855063  0.        ],[ 45.27807196  19.3520954    0.        ],[-4.10222353  4.48960298  0.        ],[ 1746.96962131],[ 1746.96962131],25.1829543579
[ 0.  0.  0.],[ 2.429248    5.79434406  0.        ],[ 17.64799702  98.17429356   0.        ],[ -1.12412705 -14.13957103   0.        ],[ 1868.234718],[ 1868.234718],53.5439265102
[ 0.  0.  0.],[-5.11046465 -0.45627823  0.        ],[ 10.3147167    5.98332122   0.        ],[-7.4657473  -1.72030516  0.        ],[ 1752.27848114],[ 1752.27848114],8.46568041476
[ 0.  0.  0.],[ 2.71385262 -4.5831158   0.        ],[-18.00147764 -56.93520675   0.        ],[ 6.51821782  7.02382455  0.        ],[ 1736.55900838],[ 1736.55900838],31.8728840707
[ 0.  0.  0.],[-2.36410941  8.71522288  0.        ],[ 12.44866396  16.27537099   0.        ],[-5.05315999  5.68436379  0.        ],[ 1761.12399486],[ 1761.12399486],10.2230565749
[ 0.  0.  0.],[-4.29236254  8.88672003  0.        ],[ -16.44831629  114.82765888    0.        ],[ -1.02401143 -14.37805378   0.        ],[ 1900.42812243],[ 1900.42812243],61.4981826654
[ 0.  0.  0.],[ 0.26018213  9.79033423  0.        ],[ 37.34044702   5.29636153   0.        ],[-7.39889753  8.96241171  0.        ],[ 1798.78519381],[ 1798.78519381],19.5633430262
[ 0.  0.  0.],[-7.74814178  0.46226062  0.        ],[-40.1663551   -1.51037416   0.        ],[ 0.38998362  1.04541473  0.        ],[ 1729.66033466],[ 1729.66033466],20.2522803075
[ 0.  0.  0.],[-6.92457904 -3.76280004  0.        ],[-31.33718896 -25.54145702   0.        ],[-0.78879845  1.6150584   0.        ],[ 1724.10292064],[ 1724.10292064],22.6623555577
[ 0.  0.  0.],[-2.57067302  6.31198771  0.        ],[-54.72583928  71.37091031   0.        ],[ 8.59191136 -8.16890684  0.        ],[ 1829.48970613],[ 1829.48970613],48.4254793807
[ 0.  0.  0.],[-7.03651146  6.76158425  0.        ],[  3.63680321  21.21701747   0.        ],[-8.04923713  2.61073776  0.        ],[ 1781.75410392],[ 1781.75410392],11.0942786745
[ 0.  0.  0.],[ 1.597453   -7.35046983  0.        ],[-53.06827267 -45.05063099   0.        ],[ 12.50837446   1.70005901   0.        ],[ 1898.46982474],[ 1898.46982474],36.7801674194
[ 0.  0.  0.],[-5.5057884   1.54712146  0.        ],[-50.61357639  18.76333058   0.        ],[ 4.88762533 -2.33485957  0.        ],[ 1696.24929169],[ 1696.24929169],29.4577757717
[ 0.  0.  0.],[ 1.09888885  9.54570473  0.        ],[-53.11389088  71.36277381   0.        ],[ 11.99989641  -4.83904812   0.        ],[ 1868.08556755],[ 1868.08556755],48.1897060881
[ 0.  0.  0.],[-9.02057383  3.47371009  0.        ],[-52.95365388  36.0475873    0.        ],[ 1.68639703 -4.01237245  0.        ],[ 1852.75316313],[ 1852.75316313],33.8869062028
[ 0.  0.  0.],[-5.65913151  4.12521438  0.        ],[-21.88667014  49.01963279   0.        ],[-1.3478516  -5.97134993  0.        ],[ 1703.88667515],[ 1703.88667515],28.6272659527
[ 0.  0.  0.],[ 8.14295555  4.3575764   0.        ],[  5.00198001  79.1183833    0.        ],[  7.30117973 -11.72073655   0.        ],[ 1872.00842961],[ 1872.00842961],44.1469099603
[ 0.  0.  0.],[ 6.10427484  2.01211211  0.        ],[ 36.46748385 -43.98869463   0.        ],[ -1.22202784  11.10805193   0.        ],[ 1822.79118783],[ 1822.79118783],30.5201273217
[ 0.  0.  0.],[ 5.4344521 -2.6996242  0.       ],[ 14.73635195 -24.94911346   0.        ],[ 2.70787295  2.49341113  0.        ],[ 1673.58352463],[ 1673.58352463],14.4797640066
[ 0.  0.  0.],[-5.20475865  1.26490627  0.        ],[-64.24964772  -4.14314943   0.        ],[ 7.93451833  2.1727704   0.        ],[ 1734.38434836],[ 1734.38434836],31.2835062721
[ 0.  0.  0.],[-5.34524033 -0.88344079  0.        ],[-62.74452285 -64.39966045   0.        ],[  7.3581039   12.25368459   0.        ],[ 1863.98080344],[ 1863.98080344],48.4868735782
[ 0.  0.  0.],[-8.08974067  1.80854855  0.        ],[-64.34279531  18.29532166   0.        ],[ 5.058576   -1.95884714  0.        ],[ 1766.01018748],[ 1766.01018748],36.1571415444
[ 0.  0.  0.],[ -6.17339711e+00  -8.40473025e-04   0.00000000e+00],[-28.44890751  -8.66580583   0.        ],[-0.56428273  2.02127193  0.        ],[ 1695.50624434],[ 1695.50624434],15.7040422003
[ 0.  0.  0.],[ 7.56073133 -4.58821989  0.        ],[-24.18883814 -59.85057511   0.        ],[ 12.65627004   7.53536848   0.        ],[ 1847.93439257],[ 1847.93439257],33.9966004471
[ 0.  0.  0.],[ 8.14187827  2.1118652   0.        ],[ 46.72610963   7.07912686   0.        ],[-1.46303074  0.84624842  0.        ],[ 1674.539957],[ 1674.539957],25.0986123271
[ 0.  0.  0.],[-4.26190051 -5.96583898  0.        ],[ -3.53702481  30.93734599   0.        ],[ -3.63870908 -12.44124581   0.        ],[ 1858.807625],[ 1858.807625],21.5089115523
[ 0.  0.  0.],[-8.15054039 -3.67790291  0.        ],[-42.340368   -14.47383596   0.        ],[ 0.43025869 -1.06115184  0.        ],[ 1761.65041999],[ 1761.65041999],22.1074730528
[ 0.  0.  0.],[-2.88137208 -6.15759161  0.        ],[  1.17324413 -34.25632508   0.        ],[-3.40885264  0.75886218  0.        ],[ 1710.26759567],[ 1710.26759567],19.4865276266
[ 0.  0.  0.],[ 7.40100729  0.68787522  0.        ],[ 57.13975899   4.06407173   0.        ],[-4.32680023 -0.13424239  0.        ],[ 1700.65843467],[ 1700.65843467],31.2414284903
[ 0.  0.  0.],[ 0.94700654 -6.27073856  0.        ],[ 25.76259967 -39.26956529   0.        ],[-4.48627788  1.68886889  0.        ],[ 1683.79864616],[ 1683.79864616],26.4138909526
[ 0.  0.  0.],[-7.95974632 -1.85555239  0.        ],[ -1.65199698  17.56928795   0.        ],[-7.87467961 -5.54207113  0.        ],[ 1773.60535621],[ 1773.60535621],9.10094920776
[ 0.  0.  0.],[-2.87519405  5.41000919  0.        ],[-27.92949815  25.0059309    0.        ],[ 3.0073508   0.45356243  0.        ],[ 1678.06828271],[ 1678.06828271],21.455788204
[ 0.  0.  0.],[ 8.82184795  4.19106936  0.        ],[ 99.29857525  18.24639528   0.        ],[-11.33750636   0.556498     0.        ],[ 1949.98578085],[ 1949.98578085],53.633172024
[ 0.  0.  0.],[ 9.96835775  0.71009528  0.        ],[ 65.01409811  62.31036165   0.        ],[ -3.10946452 -12.04245012   0.        ],[ 1879.81242416],[ 1879.81242416],48.9005025532
[ 0.  0.  0.],[ 5.16103123  4.34820798  0.        ],[-13.08916575  50.41153366   0.        ],[ 8.02034697 -5.91210482  0.        ],[ 1720.67189686],[ 1720.67189686],30.0176258589
[ 0.  0.  0.],[ 2.71254725  4.64093845  0.        ],[ 60.62623328  -0.37677382   0.        ],[-9.68091413  4.85068392  0.        ],[ 1871.73119598],[ 1871.73119598],32.5546504114
[ 0.  0.  0.],[-4.99380681 -3.7421208   0.        ],[-46.63036907  41.86985997   0.        ],[  4.43327318 -12.39857776   0.        ],[ 1814.3598436],[ 1814.3598436],33.3352301582
[ 0.  0.  0.],[-3.60805467 -6.72765995  0.        ],[-14.3386379  -62.97639371   0.        ],[-0.77788085  6.16525904  0.        ],[ 1729.03675712],[ 1729.03675712],35.4235900693
[ 0.  0.  0.],[ 6.60602545  4.96211739  0.        ],[ 48.66075035  80.93529142   0.        ],[ -3.20661102 -11.51394252   0.        ],[ 1870.39230295],[ 1870.39230295],51.0595110242
[ 0.  0.  0.],[ 2.2251819  -4.54594685  0.        ],[  2.59533092 -11.56723993   0.        ],[ 1.88827736 -2.47086232  0.        ],[ 1703.20038187],[ 1703.20038187],4.1874617469
[ 0.  0.  0.],[ 7.9047977  1.0554089  0.       ],[ 76.74422208   3.49803762   0.        ],[-7.74370462  0.37012406  0.        ],[ 1736.32734635],[ 1736.32734635],41.3143105216
[ 0.  0.  0.],[-6.70326519  0.23009847  0.        ],[-65.62710335 -22.69144334   0.        ],[ 6.66302094  4.94722737  0.        ],[ 1741.76271934],[ 1741.76271934],37.9133944978
[ 0.  0.  0.],[-1.52236406  5.96865948  0.        ],[ -9.298049    39.01204284   0.        ],[ 0.39150886 -2.1288008   0.        ],[ 1664.57156055],[ 1664.57156055],22.3163582459
[ 0.  0.  0.],[ 3.40167781  3.76351806  0.        ],[ 45.44094126  -1.96546249   0.        ],[-5.92870579  4.33364562  0.        ],[ 1688.03701943],[ 1688.03701943],24.3371729759
[ 0.  0.  0.],[ 8.0399883   4.23683253  0.        ],[ 14.04489548 -43.3269737    0.        ],[  5.3437277   13.18024623   0.        ],[ 1879.34873021],[ 1879.34873021],24.0524158892
[ 0.  0.  0.],[-7.554243   0.0567254  0.       ],[-42.11426273   3.087898     0.        ],[ 1.1206376  -0.72358669  0.        ],[ 1703.64549443],[ 1703.64549443],22.7104303721
[ 0.  0.  0.],[-4.69484113  4.8572353   0.        ],[-31.01921132  37.85997717   0.        ],[ 1.65475314 -2.97697446  0.        ],[ 1678.54961661],[ 1678.54961661],26.7199897669
[ 0.  0.  0.],[ 4.31050095  7.86112463  0.        ],[ 62.9660885   72.20915047   0.        ],[-8.51760506 -6.76732669  0.        ],[ 1819.2676199],[ 1819.2676199],51.0314015478
[ 0.  0.  0.],[ 6.94209018 -2.56396934  0.        ],[ 36.77805613   6.43350978   0.        ],[-0.44555368 -4.14895625  0.        ],[ 1699.77388979],[ 1699.77388979],21.3435171538
[ 0.  0.  0.],[-1.05936644  8.86579466  0.        ],[ 31.42773381  94.17237764   0.        ],[ -7.52286615 -10.2102026    0.        ],[ 1910.14007847],[ 1910.14007847],52.7193141581
[ 0.  0.  0.],[ 0.84752006 -6.32735129  0.        ],[ 21.0382866  -53.66307068   0.        ],[-3.54207855  4.64379454  0.        ],[ 1722.4630665],[ 1722.4630665],31.7622148384
[ 0.  0.  0.],[ 9.11365166 -0.20053634  0.        ],[ 17.0384664  -45.97486842   0.        ],[ 5.86666455  9.24776229  0.        ],[ 1834.2627113],[ 1834.2627113],25.4170777387
[ 0.  0.  0.],[-8.11431368  2.98537421  0.        ],[-74.86563857  14.24803034   0.        ],[ 7.15875527  0.14170538  0.        ],[ 1786.82995453],[ 1786.82995453],41.3443840359
[ 0.  0.  0.],[-0.99143748  6.18779901  0.        ],[ 22.95352078  45.2068385    0.        ],[-5.84926285 -2.99012     0.        ],[ 1717.64957387],[ 1717.64957387],26.7383014585
[ 0.  0.  0.],[ 2.22128191 -5.15077607  0.        ],[ 30.26746475  -9.83271835   0.        ],[-4.06295189 -3.37595788  0.        ],[ 1674.09667088],[ 1674.09667088],18.4574154986
[ 0.  0.  0.],[-0.13200374  8.0016027   0.        ],[ 19.63042075  56.50929084   0.        ],[-4.2908362  -3.48953892  0.        ],[ 1736.11816258],[ 1736.11816258],32.0269337216
[ 0.  0.  0.],[-6.3584586  -3.31735163  0.        ],[-11.34880456  34.17303145   0.        ],[ -4.20077421 -10.43023629   0.        ],[ 1860.22841102],[ 1860.22841102],21.3992769987
[ 0.  0.  0.],[-5.09808665  6.88329166  0.        ],[ 24.93442741  29.40856457   0.        ],[-10.3835035    1.03122708   0.        ],[ 1897.19102013],[ 1897.19102013],20.2042578126
[ 0.  0.  0.],[-3.85019769 -5.00316146  0.        ],[-16.47481198  -3.07675888   0.        ],[-0.59289709 -4.68543628  0.        ],[ 1708.74276564],[ 1708.74276564],5.79695883514
[ 0.  0.  0.],[-5.40910766  1.00483257  0.        ],[ 1.66541766  7.67590605  0.        ],[-6.04091977 -0.5579392   0.        ],[ 1184115.26658573],[ 1712.90620974],1.38175976396
[ 0.  0.  0.],[-4.43977824 -3.76335164  0.        ],[-33.45904341 -16.75186772   0.        ],[ 2.54710995 -0.46708987  0.        ],[ 1691.44474412],[ 1691.44474412],19.9518500038
[ 0.  0.  0.],[ 2.94520296  9.06114283  0.        ],[ 18.32637868  46.76974236   0.        ],[-0.99797558 -0.40581021  0.        ],[ 1734.31916791],[ 1734.31916791],27.0729553473
[ 0.  0.  0.],[-7.31068681  4.22973023  0.        ],[ -7.01708973  70.91927095   0.        ],[ -6.06037314 -10.21211442   0.        ],[ 1867.16395927],[ 1867.16395927],37.9906811319
[ 0.  0.  0.],[ 5.22531902  4.61018227  0.        ],[ 48.88357553 -20.87782916   0.        ],[-4.68939142  9.0521262   0.        ],[ 1751.48948318],[ 1751.48948318],28.1943524653
[ 0.  0.  0.],[-7.97379898 -2.61078509  0.        ],[-10.82927754  17.4033218    0.        ],[-6.01496266 -6.30857397  0.        ],[ 1736.92874885],[ 1736.92874885],9.90176037094
[ 0.  0.  0.],[-0.37599344 -7.15913272  0.        ],[-11.46523096 -19.11056697   0.        ],[ 2.06649253 -3.59714959  0.        ],[ 1778.90883794],[ 1778.90883794],9.72197061157
[ 0.  0.  0.],[-4.60100303 -5.10729134  0.        ],[  4.48554584 -86.07957813   0.        ],[ -5.62214448  12.38178356   0.        ],[ 1846.96656339],[ 1846.96656339],46.6635648164
[ 0.  0.  0.],[ 1.04099606 -9.01127982  0.        ],[ 25.46452828 -51.96874764   0.        ],[-4.33583831  1.47934325  0.        ],[ 1772.27389541],[ 1772.27389541],32.0677138836
[ 0.  0.  0.],[-2.63456366  6.90889659  0.        ],[ 37.30447697  18.16389394   0.        ],[-10.38081002   3.36871818   0.        ],[ 1898.49468479],[ 1898.49468479],22.1951751099
[ 0.  0.  0.],[ 6.52723908  2.27961612  0.        ],[ 46.61641082  60.87194376   0.        ],[ -2.87762192 -10.18346778   0.        ],[ 1854.06660944],[ 1854.06660944],42.1225489759
[ 0.  0.  0.],[-2.2859714   7.31596889  0.        ],[-67.0478643   50.28686097   0.        ],[ 11.41488594  -2.81319015   0.        ],[ 1805.67269874],[ 1805.67269874],45.4470571569
[ 0.  0.  0.],[-5.6953982   0.77989133  0.        ],[ 10.22788613  15.94518386   0.        ],[-8.02742362 -2.49829381  0.        ],[ 1758.5267825],[ 1758.5267825],11.724582551
[ 0.  0.  0.],[ 7.39915073 -2.62033624  0.        ],[ 60.29097625   6.54078407   0.        ],[-4.88839445 -4.12188026  0.        ],[ 1720.88335937],[ 1720.88335937],33.498938699
[ 0.  0.  0.],[ 6.9678119  -2.06022462  0.        ],[-29.99952895 -32.19520012   0.        ],[ 13.25195069   4.47479249   0.        ],[ 1851.7374606],[ 1851.7374606],23.6376081967
[ 0.  0.  0.],[-7.27519799 -2.69199828  0.        ],[-48.9447104   44.46270687   0.        ],[  2.57736099 -11.87771689   0.        ],[ 1816.72421182],[ 1816.72421182],34.882069263
[ 0.  0.  0.],[ 7.48628801  5.56950287  0.        ],[ 50.48398978 -33.75886098   0.        ],[ -2.67269069  12.61476025   0.        ],[ 1847.43627977],[ 1847.43627977],31.970990176
[ 0.  0.  0.],[-5.40558834 -1.53858572  0.        ],[ -8.20174096 -56.73533487   0.        ],[ -3.87275344  10.08855427   0.        ],[ 1812.28551412],[ 1812.28551412],31.7371899782
[ 0.  0.  0.],[-5.93960926  0.62337723  0.        ],[-52.27140367 -33.57875258   0.        ],[ 4.67185739  7.59465189  0.        ],[ 1736.74583647],[ 1736.74583647],34.2082088953
[ 0.  0.  0.],[ 6.58172646 -3.90016386  0.        ],[ -6.48951105 -11.13520046   0.        ],[ 8.17308614 -1.73543517  0.        ],[ 1731.00533137],[ 1731.00533137],6.10255012562
[ 0.  0.  0.],[ 5.22037786  7.00532011  0.        ],[ 61.18755914  79.97845365   0.        ],[-7.20171947 -9.22686204  0.        ],[ 1855.2650359],[ 1855.2650359],53.8188971006
[ 0.  0.  0.],[ 7.36867109 -2.28278186  0.        ],[-31.58120011 -29.89255445   0.        ],[ 13.97453556   3.77394463   0.        ],[ 1851.7374606],[ 1851.7374606],23.3919012312
[ 0.  0.  0.],[-4.38081213 -5.87111853  0.        ],[-33.03678491 -88.79960678   0.        ],[  2.28176898  12.18367619   0.        ],[ 1862.31931367],[ 1862.31931367],50.9364195296
[ 0.  0.  0.],[ 2.82813033  4.16455526  0.        ],[ 18.24661074  41.34278465   0.        ],[-0.88005364 -4.39817048  0.        ],[ 1684.52379441],[ 1684.52379441],25.2587437476
[ 0.  0.  0.],[-4.18008748  5.20105344  0.        ],[ -9.48024732  27.6720809    0.        ],[-2.58089282 -0.37668966  0.        ],[ 1670.11880138],[ 1670.11880138],16.0052903097
[ 0.  0.  0.],[-1.27812079  5.92244536  0.        ],[ -8.34795969  44.77797011   0.        ],[ 0.42987192 -3.33068082  0.        ],[ 1664.59662045],[ 1664.59662045],25.1366342341
[ 0.  0.  0.],[ 2.28224478 -5.13151042  0.        ],[ -1.83415643 -34.16648819   0.        ],[ 2.90148119  1.86393424  0.        ],[ 1702.76885233],[ 1702.76885233],17.7030893847
[ 0.  0.  0.],[ 5.13998027  4.96892415  0.        ],[ 31.29706129  16.81287503   0.        ],[-1.29095487  1.85247899  0.        ],[ 1660.59884953],[ 1660.59884953],17.8606484983
[ 0.  0.  0.],[-8.42526702 -0.22856769  0.        ],[-36.55663423 -67.67895833   0.        ],[ -1.13896548  13.60617838   0.        ],[ 1918.31901758],[ 1918.31901758],41.9384191193
[ 0.  0.  0.],[ 2.5453315 -9.4882178  0.       ],[ 27.82498049 -55.49633639   0.        ],[-3.28435004  1.75226428  0.        ],[ 1797.46638878],[ 1797.46638878],34.285608684
[ 0.  0.  0.],[-2.85258179 -7.46399844  0.        ],[ 28.57177029 -60.21925547   0.        ],[-8.83150286  4.72128921  0.        ],[ 1908.11112914],[ 1908.11112914],36.6169857747
[ 0.  0.  0.],[-2.65694197  5.7724001   0.        ],[ -0.94849684  44.17025103   0.        ],[-2.65548372 -3.29524223  0.        ],[ 1673.46372442],[ 1673.46372442],23.8092961568
[ 0.  0.  0.],[ 6.33618295  6.6591718   0.        ],[ 93.6949312  51.1825852   0.       ],[-12.69105276  -3.66048514   0.        ],[ 1940.13395706],[ 1940.13395706],56.6720811106
[ 0.  0.  0.],[ 3.77592664  8.37208684  0.        ],[ 30.03965734  17.61780262   0.        ],[-2.35745456  5.12103753  0.        ],[ 1720.2838535],[ 1720.2838535],17.2001335078
[ 0.  0.  0.],[ 5.65604302 -6.22219178  0.        ],[ 24.96277564 -32.38000733   0.        ],[ 0.94368609  0.3609963   0.        ],[ 1655.88570747],[ 1655.88570747],20.2261626055
[ 0.  0.  0.],[-0.04245914 -8.15944933  0.        ],[-18.12433965 -28.27568478   0.        ],[ 3.8282871  -2.67619563  0.        ],[ 1791.57894011],[ 1791.57894011],16.1418289629
[ 0.  0.  0.],[ 0.01293839 -5.51275131  0.        ],[ 54.93237846 -25.42873332   0.        ],[-11.27331043  -0.43866949   0.        ],[ 1917.52399045],[ 1917.52399045],33.6590862785
[ 0.  0.  0.],[-8.29079626  3.74909364  0.        ],[-74.02625444  77.67485938   0.        ],[  6.65958105 -12.04843932   0.        ],[ 1861.91852755],[ 1861.91852755],56.8882132888
[ 0.  0.  0.],[-5.9437741   5.19521232  0.        ],[ 24.02933462  60.88313978   0.        ],[-11.00123667  -7.14481586   0.        ],[ 1917.61415777],[ 1917.61415777],35.6680229771
[ 0.  0.  0.],[ 7.56518415 -4.71000938  0.        ],[ 84.68246998 -19.04085422   0.        ],[-9.66993027 -0.93057597  0.        ],[ 1914.87039597],[ 1914.87039597],46.9548780362
[ 0.  0.  0.],[ 4.89743649  1.43309815  0.        ],[ 80.43783151 -33.66606465   0.        ],[-11.43246152   8.34315944   0.        ],[ 1810.52803472],[ 1810.52803472],46.5732504909
[ 0.  0.  0.],[ 6.13144088 -6.04487303  0.        ],[ 37.17169943 -96.46675348   0.        ],[ -1.33226035  13.54703739   0.        ],[ 1851.27344598],[ 1851.27344598],54.8312608207
[ 0.  0.  0.],[-8.77141249  2.98765604  0.        ],[-46.65482958  38.87789377   0.        ],[ 0.59437673 -5.08589475  0.        ],[ 1830.86567876],[ 1830.86567876],31.8068139349
[ 0.  0.  0.],[-8.54745832  1.74648372  0.        ],[-16.78906166  14.5405132    0.        ],[-5.48240184 -1.22714761  0.        ],[ 1791.49638225],[ 1791.49638225],9.65590988821
[ 0.  0.  0.],[ 2.74278714 -5.03923262  0.        ],[  8.36528007 -64.64202301   0.        ],[ 1.11004071  8.18645154  0.        ],[ 1783.69470294],[ 1783.69470294],35.0118917604
[ 0.  0.  0.],[ 1.86760779  8.01342198  0.        ],[-27.56611616  64.68479956   0.        ],[ 7.63039953 -5.09001783  0.        ],[ 1755.50772329],[ 1755.50772329],38.8114045098
[ 0.  0.  0.],[-8.28021648 -5.22109766  0.        ],[-62.83953781 -28.17722993   0.        ],[ 4.58630002  0.44320491  0.        ],[ 1782.88379363],[ 1782.88379363],36.8253442153
[ 0.  0.  0.],[-2.97225747 -5.13690924  0.        ],[-33.21981915 -19.1578507    0.        ],[ 3.95437457 -1.40583131  0.        ],[ 1715.37808888],[ 1715.37808888],20.0037654896
[ 0.  0.  0.],[ 3.31477673 -5.48960328  0.        ],[ 50.37683271 -10.09731963   0.        ],[-7.02748422 -3.60713343  0.        ],[ 1727.75339127],[ 1727.75339127],28.7835716197
[ 0.  0.  0.],[-1.94365787  5.53727574  0.        ],[ -3.58672592  28.3128255    0.        ],[-1.52475911 -0.1557809   0.        ],[ 1674.49031079],[ 1674.49031079],15.7863456731
[ 0.  0.  0.],[ 4.37550892 -7.88998346  0.        ],[ 85.98359758 -10.06447101   0.        ],[-13.09392439  -6.002098     0.        ],[ 1963.01077652],[ 1963.01077652],47.1092011231
[ 0.  0.  0.],[-4.3061368  -2.59828095  0.        ],[-52.39277018  38.40157321   0.        ],[  6.32686273 -10.53578539   0.        ],[ 1785.67763187],[ 1785.67763187],34.6924182887
[ 0.  0.  0.],[ 5.30252665  5.37382814  0.        ],[ 18.4790525   34.46700802   0.        ],[ 1.82467652 -1.72571243  0.        ],[ 1689.13798901],[ 1689.13798901],23.5945806625
[ 0.  0.  0.],[ 5.66161911  0.33878865  0.        ],[ 25.79311992  -6.84367367   0.        ],[ 0.58776637  1.99529731  0.        ],[ 1655.23995233],[ 1655.23995233],13.0320387221
[ 0.  0.  0.],[-1.42937497  5.90253692  0.        ],[-11.49708538  36.27049255   0.        ],[ 1.03242533 -1.60381482  0.        ],[ 1661.98611481],[ 1661.98611481],21.6496757182
[ 0.  0.  0.],[ 9.134656    1.50572793  0.        ],[ 6.49158774 -9.01083348  0.        ],[ 8.1127232   3.42456284  0.        ],[ 1797.14851132],[ 1797.14851132],4.53407874372
[ 0.  0.  0.],[-9.15082558 -0.70293513  0.        ],[-68.96154033   6.180643     0.        ],[ 4.91829719 -2.05470811  0.        ],[ 1857.42725777],[ 1857.42725777],37.0486080615
[ 0.  0.  0.],[-1.00449188 -6.57931177  0.        ],[-17.56179321 -30.7153207    0.        ],[ 2.80342836 -0.48766106  0.        ],[ 1700.32070884],[ 1700.32070884],17.7569246227
[ 0.  0.  0.],[-6.97304068  4.6309972   0.        ],[-83.91753259  15.842053     0.        ],[ 10.10718649   1.506823     0.        ],[ 1803.03272296],[ 1803.03272296],46.2246224945
[ 0.  0.  0.],[ 1.57752455  5.89904226  0.        ],[ 56.2314719  -14.33330371   0.        ],[-9.89102724  8.96720149  0.        ],[ 1787.02218035],[ 1787.02218035],31.354022227
[ 0.  0.  0.],[ 5.26183904 -1.85347068  0.        ],[ 60.97787156 -10.56457683   0.        ],[-7.23352548  0.27066216  0.        ],[ 1724.49901489],[ 1724.49901489],33.8417532568
[ 0.  0.  0.],[-4.82642442  8.44418331  0.        ],[-32.01576735  72.682654     0.        ],[ 1.65189403 -6.38277859  0.        ],[ 1783.43414911],[ 1783.43414911],42.5998708591
[ 0.  0.  0.],[ 2.62030441 -5.43839172  0.        ],[ 80.61505914  -1.17072133   0.        ],[-13.78263533  -5.31213797   0.        ],[ 1917.52399045],[ 1917.52399045],44.0706224659
[ 0.  0.  0.],[ 7.67784942 -6.09936245  0.        ],[ 19.93403951 -41.81593027   0.        ],[ 3.94677334  2.4206714   0.        ],[ 1729.27580595],[ 1729.27580595],22.9778749375
[ 0.  0.  0.],[ 5.87575711 -3.06760917  0.        ],[ 19.43519681 -19.08170298   0.        ],[ 2.26947877  0.85443501  0.        ],[ 1670.91395685],[ 1670.91395685],13.0467157629
[ 0.  0.  0.],[ 3.58788306  3.60725659  0.        ],[ 43.14686801  79.29764402   0.        ],[ -5.1556465  -12.52970404   0.        ],[ 1833.3604276],[ 1833.3604276],48.6828895018
[ 0.  0.  0.],[-0.07727356 -5.64043348  0.        ],[-68.62989859 -54.36016884   0.        ],[ 13.92883277   5.33897386   0.        ],[ 1824.0708213],[ 1824.0708213],46.5612437398
[ 0.  0.  0.],[ 0.80235926  8.95747455  0.        ],[ -7.77082853  78.29321703   0.        ],[ 2.45604821 -6.98417967  0.        ],[ 1798.89125044],[ 1798.89125044],42.6496148658
[ 0.  0.  0.],[-0.43248473 -5.88517233  0.        ],[ -6.26670099 -26.64975682   0.        ],[ 1.06934942 -0.72330056  0.        ],[ 1698.31414366],[ 1698.31414366],12.4959719432
[ 0.  0.  0.],[-7.09878552  0.85910099  0.        ],[-14.29312027  33.59257032   0.        ],[-4.41603653 -6.10245209  0.        ],[ 1707.35909745],[ 1707.35909745],18.6866235919
[ 0.  0.  0.],[-5.38055114 -1.37936465  0.        ],[-40.41514275 -16.09773587   0.        ],[ 2.95044874  2.00903222  0.        ],[ 1695.00155299],[ 1695.00155299],24.3727634615
[ 0.  0.  0.],[-3.06420315 -7.31601752  0.        ],[-62.25024688  -6.0716573    0.        ],[ 9.63736846 -6.26519926  0.        ],[ 1891.79340478],[ 1891.79340478],29.1430957792
[ 0.  0.  0.],[ 2.07133897  9.1881568   0.        ],[ 17.68319231  46.79488715   0.        ],[-1.7632815  -0.20555856  0.        ],[ 1747.0957747],[ 1747.0957747],26.9662574372
[ 0.  0.  0.],[-6.94653707  5.23238368  0.        ],[ 15.29884877  13.39970022   0.        ],[-10.29699855   2.62659429   0.        ],[ 1892.3593838],[ 1892.3593838],10.9853166042
[ 0.  0.  0.],[-0.25170303  7.85916597  0.        ],[ 26.53170158  41.68341958   0.        ],[-5.85694224 -0.50319777  0.        ],[ 1755.54869826],[ 1755.54869826],26.2543949235
[ 0.  0.  0.],[-6.34974245  5.40312502  0.        ],[-85.09185334 -16.13660716   0.        ],[ 10.90186648   8.81912584   0.        ],[ 1835.42630796],[ 1835.42630796],46.9519267031
[ 0.  0.  0.],[ 2.3136037   6.25471069  0.        ],[  2.31742694  47.04816454   0.        ],[ 2.00187574 -3.41370723  0.        ],[ 1677.62823884],[ 1677.62823884],26.6586183509
[ 0.  0.  0.],[-4.4766456   5.00804736  0.        ],[-35.40539893   9.33669772   0.        ],[ 2.79593254  3.3716372   0.        ],[ 1695.69186259],[ 1695.69186259],20.8712257294
[ 0.  0.  0.],[ 7.12286715 -6.33395931  0.        ],[  8.02480662 -37.32489137   0.        ],[ 5.81179564  1.19125829  0.        ],[ 1740.95071357],[ 1740.95071357],18.5674224042
[ 0.  0.  0.],[-3.31333612 -6.6426241   0.        ],[-16.91523435 -54.36711156   0.        ],[ 0.07465317  4.53075749  0.        ],[ 1726.32243951],[ 1726.32243951],31.4034131295
[ 0.  0.  0.],[ 3.00780784 -8.87277713  0.        ],[ 36.74947707 -54.44280922   0.        ],[-4.61419468  2.1421086   0.        ],[ 1819.87996444],[ 1819.87996444],36.1251018665
[ 0.  0.  0.],[ 0.12436482  7.59109675  0.        ],[  3.77356457e-02   6.54299198e+01   0.00000000e+00],[ 0.12319405 -5.79481944  0.        ],[ 1750.65554565],[ 1750.65554565],35.5445195623
[ 0.  0.  0.],[-5.52067684  5.02746991  0.        ],[ 25.81753613  29.57240927   0.        ],[-10.9831555   -0.91183286   0.        ],[ 1935.52044177],[ 1935.52044177],21.294915474
[ 0.  0.  0.],[-6.95443093 -6.39646779  0.        ],[-81.4063041  -48.25557427   0.        ],[ 9.61007954  3.35348854  0.        ],[ 1810.45983386],[ 1810.45983386],50.4009963309
[ 0.  0.  0.],[ 2.32926383  6.02094418  0.        ],[ 30.17055274  14.3794948    0.        ],[-3.93355258  3.33919368  0.        ],[ 1703.18381532],[ 1703.18381532],17.0445138992
[ 0.  0.  0.],[-5.77349931 -0.27620811  0.        ],[-17.11201071 -50.12429153   0.        ],[ -2.42143208  10.04028867   0.        ],[ 1814.1931159],[ 1814.1931159],29.4907225523
[ 0.  0.  0.],[-3.54312863  8.41893725  0.        ],[-21.60986927  60.69381622   0.        ],[ 0.84032512 -4.0134588   0.        ],[ 1734.06562764],[ 1734.06562764],34.84489333
[ 0.  0.  0.],[ 1.67132461  8.42078953  0.        ],[-26.77865189  97.76943292   0.        ],[  7.18718162 -11.38678873   0.        ],[ 1901.91498203],[ 1901.91498203],54.7406154184
[ 0.  0.  0.],[-5.63258891 -1.2356383   0.        ],[-21.12449871 -50.05511913   0.        ],[-1.4552057   9.07159859  0.        ],[ 1821.41680799],[ 1821.41680799],30.1977002963
[ 0.  0.  0.],[ 7.19852032 -5.95599342  0.        ],[ 49.6545251 -31.7354266   0.       ],[-3.02935811  0.43359832  0.        ],[ 1696.40360761],[ 1696.40360761],32.5608514926
[ 0.  0.  0.],[ 1.4300724  -7.15308207  0.        ],[ -0.63258539 -60.37351569   0.        ],[ 1.64705536  5.2076559   0.        ],[ 1792.02730826],[ 1792.02730826],32.4668349922
[ 0.  0.  0.],[-5.69306781  1.44117454  0.        ],[-59.66233107 -36.43578558   0.        ],[ 6.41386013  8.97238719  0.        ],[ 1821.03729754],[ 1821.03729754],38.2287665192
[ 0.  0.  0.],[ 6.70750849 -3.07953141  0.        ],[ 54.68997663 -80.92997117   0.        ],[ -4.32263888  13.39195888   0.        ],[ 1836.9380749],[ 1836.9380749],51.890378349
[ 0.  0.  0.],[ 3.25156215 -7.96697145  0.        ],[ 64.5999612  -56.41995031   0.        ],[-9.95219471  3.4143718   0.        ],[ 1927.12632999],[ 1927.12632999],46.4884533617
[ 0.  0.  0.],[-1.77936216 -5.2561086   0.        ],[ 39.55856634 -52.41649905   0.        ],[-9.95511525  5.36960952  0.        ],[ 1851.85663649],[ 1851.85663649],36.2401930963
[ 0.  0.  0.],[-2.63501565  5.87690975  0.        ],[ 3.13365586  8.67702515  0.        ],[-3.44736435  4.37718698  0.        ],[ 1696.33826857],[ 1696.33826857],4.61373187551
[ 0.  0.  0.],[ 0.62440642  9.35994281  0.        ],[  5.14541784 -13.43681074   0.        ],[ -0.41474867  12.34713585   0.        ],[ 1951.10257731],[ 1951.10257731],8.54704435007
[ 0.  0.  0.],[-7.3999434  -1.14431026  0.        ],[-45.43396571  -6.10645116   0.        ],[ 1.98653784  0.09065634  0.        ],[ 1728.04939981],[ 1728.04939981],22.4432945398
[ 0.  0.  0.],[-2.25354563 -8.75626705  0.        ],[-10.91538075 -39.75398449   0.        ],[-0.09661619 -1.10432857  0.        ],[ 1780.17815479],[ 1780.17815479],19.7260640653
[ 0.  0.  0.],[-5.03913988  2.11425093  0.        ],[ -4.77676373  24.08793675   0.        ],[-4.33394339 -2.86893185  0.        ],[ 1685.23433544],[ 1685.23433544],12.5826266989
[ 0.  0.  0.],[-4.96387032  0.74855804  0.        ],[-23.51745971 -59.36522959   0.        ],[ -0.26656594  12.92154014   0.        ],[ 1878.75068073],[ 1878.75068073],35.0735846835
[ 0.  0.  0.],[ 5.29657037 -0.65162537  0.        ],[ 15.47990136 -49.45103305   0.        ],[ 2.270104    9.53041649  0.        ],[ 1804.07945818],[ 1804.07945818],27.6065254656
[ 0.  0.  0.],[ 3.16119678  4.91811746  0.        ],[  4.39497686  31.95106621   0.        ],[ 2.5343051  -1.63471105  0.        ],[ 1661.96326086],[ 1661.96326086],19.5901957877
[ 0.  0.  0.],[-3.99923427 -7.19564786  0.        ],[-12.11807434 -51.40960052   0.        ],[-1.71202856  3.35346607  0.        ],[ 1790.7511136],[ 1790.7511136],29.4354516535
[ 0.  0.  0.],[-4.10720025 -3.88699522  0.        ],[-38.01505342 -48.30195062   0.        ],[ 3.65119636  6.03001761  0.        ],[ 1707.86754318],[ 1707.86754318],33.6044569204
[ 0.  0.  0.],[ 0.59518167 -6.50644897  0.        ],[-19.28504854 -32.26540517   0.        ],[ 4.75216983 -0.05696374  0.        ],[ 1715.35021781],[ 1715.35021781],19.2502486767
[ 0.  0.  0.],[ 5.04849781  0.03482249  0.        ],[  2.45553168 -29.6828525    0.        ],[ 4.73940043  6.20987305  0.        ],[ 1716.27780069],[ 1716.27780069],15.8361452717
[ 0.  0.  0.],[ 3.92473734  9.15343331  0.        ],[ 16.07435242  14.25579792   0.        ],[ 0.74344551  6.60038859  0.        ],[ 1762.06449593],[ 1762.06449593],10.0073043955
[ 0.  0.  0.],[ 4.78618559 -3.75633073  0.        ],[ 83.84651677 -58.32468937   0.        ],[-12.23350299   8.07385616   0.        ],[ 1818.05226413],[ 1818.05226413],54.6129225858
[ 0.  0.  0.],[ 9.10698279  3.26182304  0.        ],[ 117.01056277   24.35851512    0.        ],[-14.59324527  -1.64345297   0.        ],[ 1949.98578085],[ 1949.98578085],63.4792320036
[ 0.  0.  0.],[ 2.75297896  5.24925293  0.        ],[ 46.73224626  28.96158191   0.        ],[-6.89245787 -0.56768921  0.        ],[ 1724.22275754],[ 1724.22275754],29.3823912569
[ 0.  0.  0.],[-5.29239801 -1.43805645  0.        ],[-68.32695996 -25.64349144   0.        ],[ 8.64750958  3.81164262  0.        ],[ 1798.07452954],[ 1798.07452954],39.5082756233
[ 0.  0.  0.],[ 0.1944807  -5.26486609  0.        ],[-46.07128798 -48.17807663   0.        ],[ 9.6808144   4.49713987  0.        ],[ 1794.27303788],[ 1794.27303788],35.6005268423
[ 0.  0.  0.],[-6.90799745 -3.87339352  0.        ],[-76.51793652 -29.33550181   0.        ],[ 8.68747274  2.06302049  0.        ],[ 1801.52294732],[ 1801.52294732],43.9145933621
[ 0.  0.  0.],[-5.48617573 -6.49442403  0.        ],[-97.75132406 -19.55368006   0.        ],[ 14.35915141  -2.63789337   0.        ],[ 1836.56217561],[ 1836.56217561],52.7329628016
[ 0.  0.  0.],[ 2.94405461 -5.06408458  0.        ],[ 40.27235429 -51.09994469   0.        ],[-5.32160629  5.36897422  0.        ],[ 1693.85566219],[ 1693.85566219],35.4674947085
[ 0.  0.  0.],[ 0.74662729 -8.59339287  0.        ],[ -0.48114833 -99.71831008   0.        ],[  0.86507342  11.6494454    0.        ],[ 1928.10545126],[ 1928.10545126],53.2324059766
[ 0.  0.  0.],[ 1.02652982  6.00690281  0.        ],[-66.90282403  33.02779599   0.        ],[ 14.70683596  -0.6111115    0.        ],[ 1834.63937773],[ 1834.63937773],40.6988590753
[ 0.  0.  0.],[ 6.78786912 -6.84825117  0.        ],[-36.12672052 -23.88967807   0.        ],[ 14.30999179  -2.11416169   0.        ],[ 1836.97717956],[ 1836.97717956],22.8488214414
[ 0.  0.  0.],[-4.48535845  7.08520742  0.        ],[-90.70870167  37.35700634   0.        ],[ 13.95626199  -0.39467427   0.        ],[ 1869.02156174],[ 1869.02156174],52.8448438634
[ 0.  0.  0.],[ 9.13310012 -2.4790396   0.        ],[ 88.2128691  21.0817658   0.       ],[-8.74524293 -6.88089983  0.        ],[ 1908.4638611],[ 1908.4638611],49.0806302631
[ 0.  0.  0.],[ 8.37378002 -1.54976919  0.        ],[ 100.29471643   35.97186152    0.        ],[-11.9253578   -8.92388181   0.        ],[ 1925.09887694],[ 1925.09887694],57.2551830861
[ 0.  0.  0.],[-4.70199666 -2.76338282  0.        ],[-65.54203727 -17.7570239    0.        ],[ 8.70510132  0.81602139  0.        ],[ 1786.68346778],[ 1786.68346778],36.5689129222
[ 0.  0.  0.],[-5.31116604 -5.40477378  0.        ],[-32.19737618  23.73271767   0.        ],[  1.16144983 -10.44948119   0.        ],[ 1832.46545979],[ 1832.46545979],20.9559000275
[ 0.  0.  0.],[ 3.98660183 -5.80320368  0.        ],[  3.73032296 -20.19450812   0.        ],[ 3.50401739 -1.90775313  0.        ],[ 1698.33260321],[ 1698.33260321],8.708768189
[ 0.  0.  0.],[-1.24781162 -5.06138912  0.        ],[ 52.53614309 -22.86113218   0.        ],[-12.05478083  -0.50163579   0.        ],[ 1900.68115668],[ 1900.68115668],32.0989043931
[ 0.  0.  0.],[-6.26884768  6.25588271  0.        ],[-34.72065866  35.32544216   0.        ],[ 0.86749823 -1.03953963  0.        ],[ 1685.16524299],[ 1685.16524299],27.1630533127
[ 0.  0.  0.],[-4.30650093  8.41496014  0.        ],[-52.02993884  11.85030034   0.        ],[ 6.31257022  6.25607648  0.        ],[ 1799.34069162],[ 1799.34069162],29.6396188067
[ 0.  0.  0.],[ 6.80256288 -1.61400046  0.        ],[ 74.97599516  38.58823102   0.        ],[-8.3905628  -9.55709077  0.        ],[ 1849.04467427],[ 1849.04467427],45.8157446265
[ 0.  0.  0.],[ 5.54512702  3.65944829  0.        ],[ 24.96022316   7.86900907   0.        ],[ 0.62998002  2.37562364  0.        ],[ 1656.70587105],[ 1656.70587105],12.5103644868
[ 0.  0.  0.],[ 7.06216545  0.79331873  0.        ],[ 63.10356923 -64.0500273    0.        ],[ -5.67202548  13.88103438   0.        ],[ 1838.50307777],[ 1838.50307777],47.7754793574
[ 0.  0.  0.],[-5.1730683  -3.77753576  0.        ],[-19.84534213  16.45821435   0.        ],[-1.25436958 -7.36491989  0.        ],[ 1795.60391402],[ 1795.60391402],13.1645093732
[ 0.  0.  0.],[ 7.8371268   3.10919877  0.        ],[ 78.11411321  22.18327644   0.        ],[-8.08142816 -1.3778787   0.        ],[ 1736.32734635],[ 1736.32734635],43.5680428512
[ 0.  0.  0.],[ 6.49626296  7.06311545  0.        ],[ 14.37762684  88.36528667   0.        ],[  3.71762876 -10.89386459   0.        ],[ 1876.36305855],[ 1876.36305855],48.7784197963
[ 0.  0.  0.],[ 6.84543588  3.49078061  0.        ],[ 32.07858007 -48.14777651   0.        ],[  0.43954026  13.42017514   0.        ],[ 1860.81104195],[ 1860.81104195],30.9334048192
[ 0.  0.  0.],[-4.58666846 -4.54977102  0.        ],[-52.75670167 -51.94507434   0.        ],[ 6.17904591  6.04910993  0.        ],[ 1723.8882042],[ 1723.8882042],39.9848617042
[ 0.  0.  0.],[-6.32082813 -4.23551653  0.        ],[-38.66261845 -33.68460278   0.        ],[ 1.55914319  2.76266863  0.        ],[ 1718.24017377],[ 1718.24017377],28.5055444522
[ 0.  0.  0.],[ 7.46177165 -1.65964836  0.        ],[ 110.52789361   -6.61028228    0.        ],[-14.94372738  -0.34450613   0.        ],[ 1951.91671099],[ 1951.91671099],59.149973935
[ 0.  0.  0.],[-1.36388587  6.80359671  0.        ],[-20.71391911  43.74226397   0.        ],[ 3.02468301 -2.11687268  0.        ],[ 1683.82739292],[ 1683.82739292],27.1637002568
[ 0.  0.  0.],[ 4.87843926  6.07620863  0.        ],[ 22.79303287  87.14313054   0.        ],[  0.32828126 -11.65229849   0.        ],[ 1868.11435565],[ 1868.11435565],48.8400656514
[ 0.  0.  0.],[-4.10094825 -6.24679747  0.        ],[-23.48774411 -24.81852598   0.        ],[ 0.72308728 -1.55512372  0.        ],[ 1699.41876918],[ 1699.41876918],16.0031576109
[ 0.  0.  0.],[-8.00565106 -5.72322908  0.        ],[-104.75572281  -16.96545288    0.        ],[ 13.2407487   -2.38328329   0.        ],[ 1840.1259672],[ 1840.1259672],56.1393879511
[ 0.  0.  0.],[ 5.55852868 -2.2395799   0.        ],[ 45.41603327 -44.53306474   0.        ],[-3.66489115  6.93225044  0.        ],[ 1707.44385451],[ 1707.44385451],34.1319000556
[ 0.  0.  0.],[ 4.0516606   3.22273563  0.        ],[ 33.41440052  47.12206498   0.        ],[-2.74839219 -6.47784862  0.        ],[ 1692.02009379],[ 1692.02009379],31.8811728773
[ 0.  0.  0.],[-2.19700684 -6.31935037  0.        ],[-24.26760929  -3.86795378   0.        ],[ 2.78611821 -5.81632017  0.        ],[ 1717.29353621],[ 1717.29353621],10.0427523319
[ 0.  0.  0.],[ 4.65933574  2.96135886  0.        ],[ 83.4994954   45.19048475   0.        ],[-12.30838731  -6.21190586   0.        ],[ 1909.47541056],[ 1909.47541056],50.8062451447
[ 0.  0.  0.],[ 6.68845663  4.51111171  0.        ],[  7.68699857  83.2975391    0.        ],[  5.26816776 -12.42459359   0.        ],[ 1861.2443053],[ 1861.2443053],46.2903810971
[ 0.  0.  0.],[ 3.76622926  4.23069023  0.        ],[ 23.32164118   9.97741431   0.        ],[-1.00994721  2.51357757  0.        ],[ 1675.04944335],[ 1675.04944335],12.4104426551
[ 0.  0.  0.],[ 5.94809112 -3.22875595  0.        ],[-12.36085036 -29.71614529   0.        ],[ 8.70579101  2.80652049  0.        ],[ 1780.94420867],[ 1780.94420867],16.8175090096
[ 0.  0.  0.],[ 0.04813705  5.44211262  0.        ],[ 18.67908421  54.55980247   0.        ],[-3.85538205 -5.71859665  0.        ],[ 1698.80392674],[ 1698.80392674],31.1720918974
[ 0.  0.  0.],[ 5.11804134  4.6326641   0.        ],[ 58.97414279  14.29972169   0.        ],[-6.9667414   1.84970402  0.        ],[ 1733.70646516],[ 1733.70646516],32.2761526292
[ 0.  0.  0.],[ 7.82487929 -0.70348477  0.        ],[ 31.556705   -33.14455599   0.        ],[ 1.58778382  6.21609394  0.        ],[ 1725.09799798],[ 1725.09799798],23.6513548022
[ 0.  0.  0.],[-5.15051685 -0.38032744  0.        ],[-22.23806807  57.62969939   0.        ],[ -0.72058338 -12.20574589   0.        ],[ 1855.45904045],[ 1855.45904045],34.3838328694
[ 0.  0.  0.],[ 1.60731082 -4.97607039  0.        ],[ -6.07970313 -78.43248089   0.        ],[  2.89971895  11.00051667   0.        ],[ 1836.43161848],[ 1836.43161848],42.1413849609
[ 0.  0.  0.],[ 9.50165798 -1.88401425  0.        ],[ 55.90786374 -14.48378698   0.        ],[-1.9368386   1.16763067  0.        ],[ 1729.33742937],[ 1729.33742937],31.1390288471
[ 0.  0.  0.],[ 8.14688343  1.64148726  0.        ],[ 54.86698346   4.71683238   0.        ],[-3.11776111  0.77005612  0.        ],[ 1686.64862923],[ 1686.64862923],29.6891349166
[ 0.  0.  0.],[ 7.222118   -5.35299174  0.        ],[ 37.89036289 -39.39627262   0.        ],[-0.39781161  2.82332841  0.        ],[ 1701.69014031],[ 1701.69014031],29.0007117513
[ 0.  0.  0.],[-1.73275335 -8.646767    0.        ],[-33.73315005 -85.1858629    0.        ],[ 5.1677655   8.64792883  0.        ],[ 1848.88192907],[ 1848.88192907],48.8950302184
[ 0.  0.  0.],[-0.843092    8.25546183  0.        ],[-12.54744063  62.45307004   0.        ],[ 1.77623951 -4.51431957  0.        ],[ 1737.59093476],[ 1737.59093476],34.8291455282
[ 0.  0.  0.],[ 6.34153246 -6.68839095  0.        ],[ 26.29082622 -92.85946883   0.        ],[  1.11060396  12.18226385   0.        ],[ 1879.05031087],[ 1879.05031087],51.1003902897
[ 0.  0.  0.],[ 3.74816856  3.48845094  0.        ],[  3.535207    39.70760298   0.        ],[ 3.2103159  -4.70080978  0.        ],[ 1692.02009379],[ 1692.02009379],22.990057999
[ 0.  0.  0.],[ 1.10265226  7.16568307  0.        ],[  8.19937086  56.12106275   0.        ],[-0.57658911 -4.35593531  0.        ],[ 1708.18664217],[ 1708.18664217],31.0127136232
[ 0.  0.  0.],[ 4.53417105 -8.70245865  0.        ],[  52.61504504 -108.29264656    0.        ],[ -6.11471329  13.22838555   0.        ],[ 1903.06153757],[ 1903.06153757],64.0384820391
[ 0.  0.  0.],[-6.54003564  2.3449964   0.        ],[-38.1639332   38.95685658   0.        ],[ 1.15176634 -5.74051296  0.        ],[ 1719.34698199],[ 1719.34698199],28.9425009322
[ 0.  0.  0.],[-1.384712   -5.08782804  0.        ],[-25.05904639   8.98623707   0.        ],[ 3.76692304 -7.15049731  0.        ],[ 1766.57780731],[ 1766.57780731],14.2116434493
[ 0.  0.  0.],[ 4.30499301 -3.12354439  0.        ],[  9.99326852 -35.13598276   0.        ],[ 2.45894024  4.16194068  0.        ],[ 1717.30175844],[ 1717.30175844],19.1671912789
[ 0.  0.  0.],[-1.53765178 -8.39629515  0.        ],[ 36.96274924 -88.96534211   0.        ],[-9.13686621  9.61423535  0.        ],[ 1879.94249717],[ 1879.94249717],51.9263867801
[ 0.  0.  0.],[-7.04404241 -0.81447625  0.        ],[  2.74736802  24.1024087    0.        ],[-7.83442935 -5.81373373  0.        ],[ 1758.36925294],[ 1758.36925294],15.0541237584
[ 0.  0.  0.],[-0.7607446  -5.63365461  0.        ],[ 56.71760966 -42.93206981   0.        ],[-12.39571987   3.02385755   0.        ],[ 1917.52399045],[ 1917.52399045],39.1073930033
[ 0.  0.  0.],[-9.60435014  0.47590215  0.        ],[-41.40222839 -23.88884881   0.        ],[-1.39721152  5.54457752  0.        ],[ 1901.05798108],[ 1901.05798108],26.5394163176
[ 0.  0.  0.],[-7.43017989  2.18821233  0.        ],[-63.61947688  -5.38848419   0.        ],[ 5.54903547  3.42342649  0.        ],[ 1757.00894568],[ 1757.00894568],31.2219624932
[ 0.  0.  0.],[-0.86836635 -8.73922923  0.        ],[  1.13067722 -43.78307562   0.        ],[-1.39446395  0.02215072  0.        ],[ 1785.09319135],[ 1785.09319135],24.1697514489
[ 0.  0.  0.],[ 1.56422352  5.05059521  0.        ],[  7.26666407  14.52255939   0.        ],[ 0.12637141  2.44568364  0.        ],[ 1678.54395469],[ 1678.54395469],9.96536908119
[ 0.  0.  0.],[ 1.22742988  9.07626181  0.        ],[ 22.28533928   3.21583804   0.        ],[-3.33693048  8.71325187  0.        ],[ 1779.5185673],[ 1779.5185673],10.8434844588
[ 0.  0.  0.],[-5.56681661  3.29873469  0.        ],[ 39.66385753  30.93102752   0.        ],[-13.79295241  -2.95021945   0.        ],[ 1927.77553683],[ 1927.77553683],27.7082439825
[ 0.  0.  0.],[ 5.39646131  8.24996311  0.        ],[ 83.25144297  25.32718149   0.        ],[-11.54249259   3.26621124   0.        ],[ 1961.89715304],[ 1961.89715304],45.8325746804
[ 0.  0.  0.],[ 4.18897933  8.96584025  0.        ],[ 12.594871    72.94247873   0.        ],[ 1.75542125 -5.91023868  0.        ],[ 1782.41548445],[ 1782.41548445],40.5044296127
[ 0.  0.  0.],[ 5.3026472   3.75252696  0.        ],[ 53.88924903 -27.7598911    0.        ],[-5.62734919  9.56306159  0.        ],[ 1737.44051491],[ 1737.44051491],32.3146039321
[ 0.  0.  0.],[ 2.68449783  8.45138336  0.        ],[-25.59663347  47.07626748   0.        ],[ 8.10156208 -1.00064445  0.        ],[ 1810.47391421],[ 1810.47391421],29.7824379411
[ 0.  0.  0.],[ 3.62714889 -7.16864859  0.        ],[ 88.30761305 -30.57063065   0.        ],[-14.33353042  -1.07700066   0.        ],[ 1953.46789163],[ 1953.46789163],50.5817196541
[ 0.  0.  0.],[-1.57393546 -6.74845018  0.        ],[-17.61013563 -37.65003267   0.        ],[ 2.2265202   0.89325931  0.        ],[ 1700.32070884],[ 1700.32070884],21.8867805457
[ 0.  0.  0.],[ 0.12349576 -8.47764247  0.        ],[ -6.08407262 -31.77089762   0.        ],[ 1.50043778 -2.37715406  0.        ],[ 1774.54286596],[ 1774.54286596],14.8094341805
[ 0.  0.  0.],[ 5.18313235 -0.86663767  0.        ],[ 78.87726068  38.28696641   0.        ],[-10.8260394   -8.71211375   0.        ],[ 1842.13938701],[ 1842.13938701],47.4267426176
[ 0.  0.  0.],[-2.6781189   7.49871558  0.        ],[ 17.39243781  89.71478253   0.        ],[ -6.30895023 -10.7026812    0.        ],[ 1881.37745213],[ 1881.37745213],48.6717654998
[ 0.  0.  0.],[-3.49113973 -5.639938    0.        ],[-73.44370071 -69.49410991   0.        ],[ 11.43903455   8.43695576   0.        ],[ 1849.61894485],[ 1849.61894485],53.8803228475
[ 0.  0.  0.],[-5.72151682  1.82623566  0.        ],[-63.17811877  39.68737523   0.        ],[ 7.13888794 -6.30991877  0.        ],[ 1747.70609269],[ 1747.70609269],40.0608507494
[ 0.  0.  0.],[ 7.79964013  1.97215067  0.        ],[ 47.38402825 -32.1089635    0.        ],[-1.73594566  8.68812851  0.        ],[ 1733.29396911],[ 1733.29396911],29.9854568041
[ 0.  0.  0.],[ 2.83180653 -6.16460165  0.        ],[-42.3185873  -66.51701391   0.        ],[ 11.54912213   7.29907583   0.        ],[ 1823.23857536],[ 1823.23857536],41.7974676879
[ 0.  0.  0.],[-4.63356316  7.60375569  0.        ],[ 43.90655911  27.8479368    0.        ],[-13.71148435   2.07914477   0.        ],[ 1953.76337374],[ 1953.76337374],27.7814440131
[ 0.  0.  0.],[-4.21357333 -8.20232548  0.        ],[-17.14837383  22.69439234   0.        ],[ -0.80232113 -13.04063777   0.        ],[ 1837.3756422],[ 1837.3756422],15.2441951893
[ 0.  0.  0.],[-5.97862947  1.98088732  0.        ],[ -4.78553087  38.71159355   0.        ],[-5.21863569 -5.98758776  0.        ],[ 1703.00589861],[ 1703.00589861],20.9812129217
[ 0.  0.  0.],[ 0.99909059 -6.5043696   0.        ],[-18.77480972   3.63601876   0.        ],[ 4.91885131 -7.48225515  0.        ],[ 1798.98677747],[ 1798.98677747],10.2125855926
[ 0.  0.  0.],[ 1.48204576 -4.97733529  0.        ],[ 36.79215622  -9.18155585   0.        ],[-6.14096129 -3.28244421  0.        ],[ 1687.35064183],[ 1687.35064183],21.864528216
[ 0.  0.  0.],[ 5.33259716  2.20939378  0.        ],[ 94.68434211  -4.78673163   0.        ],[-13.89645965   3.23475439   0.        ],[ 1890.53667809],[ 1890.53667809],50.5515364829
[ 0.  0.  0.],[-4.25019481 -4.50417868  0.        ],[-17.93900947  -9.65547518   0.        ],[-0.7371839  -2.86361128  0.        ],[ 1688.55934533],[ 1688.55934533],7.88731430828
[ 0.  0.  0.],[ 0.49721342 -8.16786108  0.        ],[-59.66156581 -18.16415492   0.        ],[ 12.71135374  -4.6378574    0.        ],[ 1886.03231996],[ 1886.03231996],32.8890645919
[ 0.  0.  0.],[ 8.76607419 -0.23324461  0.        ],[ 41.92896334 -35.1626774    0.        ],[ 0.39703422  7.09882275  0.        ],[ 1777.60226708],[ 1777.60226708],28.4438332435
[ 0.  0.  0.],[-0.65362937 -7.55813214  0.        ],[ -9.90340978 -54.28445525   0.        ],[ 1.43901864  3.57708175  0.        ],[ 1786.16470815],[ 1786.16470815],29.9193937081
[ 0.  0.  0.],[-6.13802571 -0.11429426  0.        ],[-46.97077765  -9.72236922   0.        ],[ 3.51765029  1.97717293  0.        ],[ 1697.97857264],[ 1697.97857264],25.8424019907
[ 0.  0.  0.],[-7.19987926 -1.00958949  0.        ],[-50.57755663  25.94753721   0.        ],[ 3.04331416 -6.47056937  0.        ],[ 1761.64627647],[ 1761.64627647],29.9857119778
[ 0.  0.  0.],[-8.43290523  4.22550639  0.        ],[-59.68580139  70.02567224   0.        ],[  3.60545123 -10.06204501   0.        ],[ 1880.1987574],[ 1880.1987574],48.7729275603
[ 0.  0.  0.],[-1.59152196 -7.33042734  0.        ],[ 27.42191964 -52.25586677   0.        ],[-7.35039523  3.24180634  0.        ],[ 1783.71476366],[ 1783.71476366],32.7045010504
[ 0.  0.  0.],[ 1.79818843 -5.5049426   0.        ],[-34.60063171 -21.88694807   0.        ],[ 9.01583682 -1.16603197  0.        ],[ 1791.43870912],[ 1791.43870912],21.690283459
[ 0.  0.  0.],[-2.86032158  7.33704992  0.        ],[-27.09106436  39.35695424   0.        ],[ 2.85155221 -0.5956864   0.        ],[ 1715.29013022],[ 1715.29013022],26.8232126489
[ 0.  0.  0.],[-1.30401104  9.28014461  0.        ],[ -2.79963302  85.23137705   0.        ],[-0.77269685 -8.06476323  0.        ],[ 1816.2602089],[ 1816.2602089],45.6785478373
[ 0.  0.  0.],[ 5.6789109  -5.07643579  0.        ],[ 12.3505387  -78.68332796   0.        ],[  3.29527286  10.94749795   0.        ],[ 1837.15366962],[ 1837.15366962],42.203684923
[ 0.  0.  0.],[-3.94836615 -3.21667916  0.        ],[-34.04912016 -53.904025     0.        ],[ 2.96760462  7.84471962  0.        ],[ 1751.69648393],[ 1751.69648393],34.872839493
[ 0.  0.  0.],[ 5.16220511 -3.33934763  0.        ],[ 19.00145867 -72.84406054   0.        ],[  1.39803281  11.52728218   0.        ],[ 1833.65605414],[ 1833.65605414],40.0659831434
[ 0.  0.  0.],[-6.16845816  4.47834815  0.        ],[-61.23652157 -30.54175363   0.        ],[  6.22823038  10.84686105   0.        ],[ 1844.81941856],[ 1844.81941856],37.5453535914
[ 0.  0.  0.],[-5.80052506  5.59135195  0.        ],[-64.91505329  11.80385916   0.        ],[ 7.45608398  3.35364078  0.        ],[ 1734.03487233],[ 1734.03487233],36.2620224254
[ 0.  0.  0.],[ 8.52848968  1.93864291  0.        ],[ 115.0846262     3.79757354    0.        ],[-14.78744696   1.20346298   0.        ],[ 1949.98578085],[ 1949.98578085],61.1807843292
[ 0.  0.  0.],[ 8.98067106 -2.87327528  0.        ],[ 64.89697438  32.94126992   0.        ],[-4.115511   -9.73786376  0.        ],[ 1892.77993975],[ 1892.77993975],39.8868878664
[ 0.  0.  0.],[-5.2584513  2.8008355  0.       ],[ 25.21280074  40.9113538    0.        ],[-10.56691282  -5.52034696   0.        ],[ 1929.04620696],[ 1929.04620696],28.022113557
[ 0.  0.  0.],[-4.89645552  5.94802996  0.        ],[-29.79502006  27.44947952   0.        ],[ 1.33803262  0.57691326  0.        ],[ 1679.79182643],[ 1679.79182643],22.8905767643
[ 0.  0.  0.],[-5.02495177  7.11730809  0.        ],[-48.62519416  34.58387245   0.        ],[ 4.99981437  0.21332175  0.        ],[ 1714.37991971],[ 1714.37991971],32.9950502573
[ 0.  0.  0.],[-2.04173793 -5.02790273  0.        ],[ 18.11848086 -32.12164412   0.        ],[-5.95671638  1.46822186  0.        ],[ 1686.70423833],[ 1686.70423833],21.2463105033
[ 0.  0.  0.],[ 5.58128157 -6.08157061  0.        ],[ 72.05968921  20.97039902   0.        ],[ -9.02618654 -10.50317605   0.        ],[ 1871.10618451],[ 1871.10618451],41.2339398919
[ 0.  0.  0.],[ 5.60724915 -3.25669134  0.        ],[  9.35110334 -67.17625587   0.        ],[  3.84042413  10.46017897   0.        ],[ 1802.65024103],[ 1802.65024103],35.9927382818
[ 0.  0.  0.],[ 7.27913963  0.34431648  0.        ],[ 40.87063674  22.0443301    0.        ],[-0.95950034 -4.35753097  0.        ],[ 1703.31745024],[ 1703.31745024],26.196229327
[ 0.  0.  0.],[ 3.59958533 -4.82652246  0.        ],[-4.40965012 -5.00823128  0.        ],[ 4.70970501 -4.01963113  0.        ],[ 1715.649045],[ 1710.47310243],2.48240574303
[ 0.  0.  0.],[-2.5355802   5.83516193  0.        ],[-18.36596998  96.06960057   0.        ],[  1.16303148 -13.67767948   0.        ],[ 1861.78092769],[ 1861.78092769],52.2154175234
[ 0.  0.  0.],[-2.24783252  7.47888983  0.        ],[-44.66408153  39.30409673   0.        ],[ 6.98449537 -0.39904135  0.        ],[ 1747.60060107],[ 1747.60060107],32.9007796661
[ 0.  0.  0.],[ 7.78146659 -1.96508141  0.        ],[ 57.74742892  26.50345069   0.        ],[-3.90613116 -7.53208919  0.        ],[ 1859.85106633],[ 1859.85106633],35.0554544573
[ 0.  0.  0.],[ 6.26718912  3.58633729  0.        ],[ 50.82923458  42.68091238   0.        ],[-4.08428361 -5.18552093  0.        ],[ 1710.82615892],[ 1710.82615892],36.2287133139
[ 0.  0.  0.],[-7.83466884  2.01417789  0.        ],[-62.26461864  10.42060382   0.        ],[ 4.91822049 -0.07448581  0.        ],[ 1724.92584379],[ 1724.92584379],34.4973585689
